5.00,0
5.69,0
6.38,0
7.06,0
7.73,0
8.41,0
9.08,0
9.74,0
10.40,0
11.06,0
11.71,0
12.36,0
13.01,0
13.65,0
14.29,0
14.92,0
15.55,0
16.18,0
16.81,0
17.43,0
18.04,0
18.66,0
19.27,0
19.88,0
20.48,0
21.08,0
21.68,0
22.27,0
22.86,0
23.45,0
24.04,0
24.62,0
25.20,0
25.78,0
26.35,0
26.92,0
27.49,0
28.06,0
28.62,0
29.18,0
29.74,0
30.30,0.090683954
30.85,0.087361602
31.41,0.0841149236
31.95,0.0812539055
32.50,0.078394846
33.05,0.07583008875
33.59,0.0733550352
34.13,0.0710953404
34.67,0.06890852477
35.21,0.06688032851
35.74,0.06498198848
36.27,0.06319517404
36.80,0.0615119811
37.33,0.05990823131
37.86,0.0584162896
38.39,0.05697714615
38.91,0.0556797575
39.43,0.0544131155
39.95,0.05325976685
40.47,0.05212404161
40.99,0.05109949982
41.50,0.050101337
42.02,0.04918999696
42.53,0.04830171925
43.04,0.0475020265
43.55,0.04671065885
44.06,0.04599588212
44.57,0.04529162002
45.08,0.04465344988
45.59,0.04402747447
46.09,0.04346956597
46.59,0.04292265403
47.10,0.0424159012
47.60,0.0419300969
48.10,0.0414883414
48.60,0.0410565034
49.10,0.0406643354
49.60,0.0402810916
50.10,0.0399335446
50.60,0.0395940171
51.09,0.03929271659
51.59,0.03899174448
52.09,0.03872028048
52.58,0.0384594032
53.08,0.0382201732
53.57,0.03798976183
54.07,0.03777934633
54.56,0.03757622218
55.06,0.03739149868
55.55,0.03721275345
56.05,0.03705086795
56.54,0.03689384468
57.03,0.03675509726
57.53,0.0366146399
58.02,0.0364942126
58.52,0.03637203134
59.01,0.03626884567
59.50,0.03616566
60.00,0.0360769375
60.49,0.03598998945
60.99,0.03591656769
61.49,0.03584345819
61.98,0.03578594016
62.48,0.03572754866
62.98,0.03568248292
63.47,0.03563886263
63.97,0.03560666378
64.47,0.03557525078
64.97,0.03555545947
65.47,0.03553640997
65.97,0.03552833356
66.48,0.03552081004
66.98,0.035524019
67.48,0.035527669
67.99,0.03554160262
68.50,0.035555953
69.00,0.0355798695
69.51,0.03560445052
70.02,0.03563834104
70.53,0.03567275977
71.05,0.03571647045
71.56,0.03576033978
72.08,0.03581271054
72.59,0.03586549185
73.11,0.03592605365
73.63,0.03598855349
74.15,0.03605686745
74.67,0.03612757909
75.20,0.0362046819
75.72,0.03628326694
76.25,0.03636744525
76.78,0.03645516136
77.31,0.03654603622
77.85,0.0366428117
78.38,0.03674002536
78.87,0.03683409091
79.43,0.03694314699
80.00,0.037059509
80.56,0.03717517524
81.13,0.03729806952
81.69,0.03742063233
82.26,0.03754900032
82.82,0.03767802408
83.39,0.03781157166
83.95,0.0379466472
84.52,0.0380852607
85.08,0.0382258403
85.65,0.0383700851
86.21,0.03851497614
86.78,0.03866449432
87.34,0.03881346496
87.91,0.03896792028
88.47,0.03912074876
89.04,0.03927982226
89.61,0.03943976847
90.17,0.03959969159
90.74,0.03976386608
91.30,0.0399270456
91.87,0.04009517182
92.44,0.04026439684
93.00,0.0404332455
93.57,0.04060576848
94.13,0.04077766832
94.70,0.0409535612
95.27,0.04113116237
95.83,0.0413070829
96.40,0.041487163
96.97,0.04166916963
97.53,0.04184850149
98.10,0.0420331148
98.67,0.04221834538
99.23,0.04240175322
99.80,0.042589458
100.37,0.0427780824
100.94,0.04296811568
101.50,0.043155224
102.07,0.04334738354
102.64,0.04353993662
103.21,0.04373369843
103.77,0.04392477128
104.34,0.04412003276
104.91,0.04431630202
105.48,0.04451296456
106.04,0.04470742428
106.61,0.0449056563
107.18,0.0451049454
107.75,0.04530482075
108.32,0.0455054465
108.88,0.04570345842
109.45,0.04590544305
110.02,0.04610868816
110.59,0.04631227587
111.16,0.04651704438
111.73,0.04672238421
112.29,0.04692495133
112.86,0.04713204184
113.43,0.04733966092
114.00,0.0475485495
114.57,0.04775779501
115.14,0.04796832052
115.71,0.04817938804
116.28,0.04839138472
116.85,0.0486042893
117.41,0.04881401938
117.98,0.04902874744
118.55,0.04924384145
119.12,0.04946029838
119.69,0.04967725558
120.26,0.04989521332
120.83,0.0501140416
121.40,0.050333503
121.97,0.05055420661
122.54,0.05077528048
123.11,0.05099775832
123.68,0.05122071352
124.25,0.051444703
124.82,0.0516695408
125.39,0.05189504135
125.96,0.05212176182
126.53,0.05234885354
127.10,0.0525773768
127.67,0.05280634988
128.24,0.05303638136
128.81,0.05326723248
129.38,0.05349877104
129.96,0.0537355847
130.53,0.05396870528
131.10,0.0542032466
131.67,0.05443823417
132.24,0.05467427174
132.81,0.05491112027
133.38,0.05514864896
133.95,0.05538735035
134.52,0.05562641646
135.10,0.0558711318
135.67,0.05611206753
136.24,0.05635403766
136.81,0.05659680573
137.38,0.05684024304
137.95,0.0570848346
138.53,0.05733410706
139.10,0.0575804622
139.67,0.05782724846
140.24,0.05807504912
140.81,0.05832363284
141.39,0.05857724596
141.96,0.05882764196
142.53,0.05907838922
143.10,0.0593304854
143.67,0.05958300352
144.25,0.059840962
144.82,0.06009526236
145.39,0.06035017947
145.97,0.06061072172
146.54,0.06086713452
147.11,0.06112483893
147.68,0.06138297876
148.26,0.06164660732
148.83,0.06190648388
149.40,0.0621669374
149.98,0.06243310604
150.55,0.0626950388
151.12,0.06295820552
151.70,0.0632264596
152.27,0.06349096696
152.84,0.06375626822
153.42,0.06402677036
153.99,0.06429374645
154.56,0.06456104636
155.14,0.06483422984
155.71,0.06510318311
156.29,0.06537769189
156.86,0.06564828352
157.43,0.06591935101
158.01,0.06619632157
158.58,0.06646884996
159.16,0.06674727142
159.73,0.06702140196
160.31,0.06730110812
160.88,0.06757682586
161.46,0.06785780512
162.03,0.06813509372
162.61,0.06841757302
163.18,0.06869617876
163.76,0.06898022976
164.33,0.06926005758
164.91,0.06954566509
165.48,0.06982670302
166.06,0.07011385024
166.63,0.07039635907
167.21,0.07068475769
167.78,0.07096876408
168.36,0.07125836446
168.93,0.07154385323
169.51,0.07183466295
170.08,0.0721215981
170.66,0.07241388944
171.24,0.07270702666
171.81,0.07299572917
172.39,0.07329002523
172.96,0.07358015848
173.54,0.07387568192
174.12,0.07417226376
174.69,0.07446410186
175.27,0.07476181238
175.84,0.07505504446
176.42,0.07535387148
177.00,0.075653653
177.57,0.07594854833
178.15,0.07624957935
178.73,0.07655104139
179.30,0.0768479504
179.88,0.077150774
180.46,0.077453969
181.03,0.0777529117
181.61,0.0780573741
182.19,0.0783626919
182.77,0.07866849759
183.34,0.07896958128
183.92,0.0792766981
184.50,0.079584101
185.08,0.0798925305
185.65,0.08019590505
186.23,0.08050535071
186.81,0.08081533608
187.39,0.08112579152
187.96,0.08143168548
188.54,0.08174320672
189.12,0.08205564866
189.70,0.082368428
190.28,0.0826818484
190.85,0.08299045055
191.43,0.08330484129
192.01,0.08362007557
192.59,0.08393557341
193.17,0.08425187583
193.75,0.0845685835
194.33,0.0848858261
194.90,0.085198243
195.48,0.0855164194
196.06,0.0858354862
196.64,0.08615480684
197.22,0.08647482532
197.80,0.0867953568
198.38,0.08711636708
198.96,0.08743823894
199.54,0.0877604174
200.11,0.08807812685
200.69,0.08840183043
201.27,0.08872639669
201.85,0.0890517893
202.43,0.08937772494
203.01,0.08970494425
203.59,0.09003258005
204.17,0.09036152415
204.75,0.09069116975
205.33,0.09102174133
205.91,0.09135352323
206.49,0.09168580697
207.07,0.09201984574
207.65,0.0923543971
208.23,0.09269032962
208.81,0.09302729475
209.39,0.09336515925
209.97,0.09370465089
210.55,0.09404470225
211.13,0.09438664995
211.72,0.09473530422
212.30,0.0950793898
212.88,0.09542491786
213.46,0.09577120512
214.04,0.09611959892
214.62,0.09646862888
215.20,0.0968194993
215.78,0.09717152136
216.36,0.09752477732
216.94,0.09787987864
217.53,0.09824182814
218.11,0.09860000018
218.69,0.09895900556
219.27,0.09931972148
219.85,0.09968200085
220.43,0.10004530763
221.02,0.10041724276
221.60,0.1007836489
222.18,0.10115227312
222.76,0.1015221209
223.34,0.1018934746
223.93,0.10227328635
224.51,0.10264746094
225.09,0.10302439946
225.67,0.10340217353
226.26,0.10378851084
226.84,0.10416999666
227.42,0.10455268008
228.00,0.1049378855
228.59,0.10533060223
229.17,0.10571917149
229.75,0.10610903575
230.33,0.10650060941
230.92,0.10690112464
231.50,0.107295723
232.08,0.1076933884
232.67,0.10809881671
233.25,0.10849957525
233.83,0.10890210853
234.42,0.10931294972
235.00,0.109719545
235.58,0.11012701292
236.17,0.11054428983
236.75,0.11095587725
237.33,0.11136929023
237.92,0.11179216496
238.50,0.112208801
239.09,0.11263593209
239.67,0.11305678264
240.25,0.113479946
240.84,0.11391233716
241.42,0.11433879608
242.01,0.11477552596
242.59,0.1152058215
243.18,0.115646404
243.76,0.1160810218
244.34,0.1165174892
244.93,0.11696398493
245.51,0.11740388695
246.10,0.117854762
246.68,0.1182990526
247.27,0.1187533939
247.85,0.11920210195
248.44,0.11965992838
249.02,0.1201130724
249.61,0.1205750455
250.19,0.1210319985
250.78,0.1214985016
251.36,0.1219589172
251.95,0.12242997235
252.54,0.12290210836
253.12,0.12336949208
253.71,0.12384620233
254.29,0.12431708867
254.88,0.1247983935
255.46,0.12527279
256.05,0.1257587037
256.64,0.12624571164
257.22,0.12672715572
257.81,0.12721879187
258.39,0.12770377453
258.98,0.12820005704
259.57,0.12869744098
260.15,0.1291895211
260.74,0.12969156088
261.33,0.13019575246
261.91,0.13069391828
262.50,0.131201736
263.09,0.1317131893
263.67,0.13221702331
264.26,0.13273211868
264.85,0.1332493732
265.43,0.13375931616
266.02,0.13428126848
266.61,0.13480433501
267.20,0.1353303737
267.78,0.13584923304
268.37,0.13637893091
268.96,0.13691147618
269.55,0.1374451367
270.13,0.13797304922
270.72,0.13851142988
271.31,0.13905210824
271.90,0.1395952714
272.48,0.14013038868
273.07,0.14067827182
273.66,0.14122727484
274.25,0.14177895375
274.84,0.14233274542
275.42,0.14287867796
276.01,0.14343719329
276.60,0.1439968273
277.19,0.14455950617
277.78,0.14512392384
278.37,0.14569026661
278.95,0.1462498098
279.54,0.14682007128
280.13,0.14739374716
280.72,0.14796878924
281.31,0.14854612902
281.90,0.1491259512
282.49,0.14970695252
283.08,0.15029154752
283.67,0.15087725865
284.25,0.15145560275
284.84,0.1520460229
285.43,0.15263799055
286.02,0.15323317336
286.61,0.15382946999
287.20,0.1544287383
287.79,0.15502979417
288.38,0.15563269924
288.97,0.15623850703
289.56,0.15684542512
290.15,0.1574556043
290.74,0.15806726068
291.33,0.15868107131
291.92,0.15929746494
292.51,0.15991496546
293.10,0.1605360266
293.69,0.1611582513
294.28,0.1617829256
294.87,0.16240986615
295.46,0.1630381542
296.05,0.1636698022
296.64,0.164302548
297.23,0.164938037
297.83,0.16558630901
298.42,0.16622539524
299.01,0.16686758176
299.60,0.1675108609
300.19,0.16815711091
300.78,0.16880506024
301.37,0.16945489096
301.96,0.17010750054
302.55,0.1707611977
303.15,0.1714292941
303.74,0.17208770012
304.33,0.17274821279
304.92,0.17341125134
305.51,0.1740753723
306.10,0.174742975
306.70,0.1754230904
307.29,0.17609422543
307.88,0.17676762982
308.47,0.17744228833
309.06,0.17812028612
309.66,0.17881090916
310.25,0.17949259575
310.84,0.18017630126
311.43,0.18086149127
312.02,0.18154976228
312.62,0.1822508288
313.21,0.18294299615
313.80,0.1836369341
314.39,0.18433258363
314.99,0.18504290111
315.58,0.18574248488
316.17,0.18644506337
316.77,0.18716112785
317.36,0.1878671543
317.95,0.1885758128
318.55,0.18929760545
319.14,0.19001050776
319.73,0.19072474821
320.33,0.19145322441
320.92,0.1921719924
321.51,0.19289180289
322.11,0.19362721629
322.70,0.1943515254
323.29,0.19507808208
323.89,0.19581919305
324.48,0.1965491381
325.07,0.19728235096
325.67,0.19802907897
326.26,0.19876577716
326.86,0.19951701124
327.45,0.2002570683
328.05,0.20101279435
328.64,0.20175699762
329.23,0.20250375059
329.83,0.20326502324
330.42,0.20401510676
331.02,0.20478083532
331.61,0.20553486203
332.21,0.20630440583
332.80,0.2070628048
333.40,0.2078357104
333.99,0.20859847285
334.59,0.20937523216
335.18,0.21014183332
335.78,0.21092298116
336.37,0.21169285564
336.97,0.21247837982
337.56,0.21325185002
338.16,0.21404140022
338.75,0.21481916625
339.35,0.21561201645
339.94,0.21639406456
340.54,0.21719042232
341.14,0.21798983712
341.73,0.21877718138
342.33,0.21957986498
342.92,0.22037144944
343.52,0.22117749698
344.12,0.22198668638
344.71,0.22278352077
345.31,0.22359594297
345.90,0.2243969788
346.50,0.225212632
347.10,0.2260314946
347.69,0.22683772523
348.29,0.22765979543
348.89,0.22848394004
349.48,0.22929544728
350.08,0.23012378752
350.68,0.23095318576
351.27,0.23177094464
351.87,0.23260451374
352.47,0.23343929494
353.06,0.2342631048
353.66,0.2351018762
354.26,0.2359429532
354.86,0.2367859076
355.45,0.2376160435
356.05,0.23846310785
356.65,0.2393112086
357.25,0.240161639
357.84,0.24099965268
358.44,0.24185318388
359.04,0.24270949554
359.64,0.2435668335
360.23,0.24441220025
360.83,0.24527358287
361.43,0.24613634627
362.03,0.24700180525
362.63,0.24786828065
363.22,0.2487226626
363.82,0.24959314224
364.42,0.25046503644
365.02,0.25133954884
365.62,0.25221506788
366.22,0.25309300228
366.82,0.2539725306
367.41,0.25483877155
368.01,0.25572222517
368.61,0.25660666239
369.21,0.25749349179
369.81,0.25838182996
370.41,0.25927157956
371.01,0.26016377665
371.61,0.26105692815
372.21,0.26195240715
372.81,0.26284935524
373.40,0.2637327056
374.00,0.2646333425
374.60,0.2655349071
375.20,0.2664387957
375.80,0.2673440541
376.40,0.2682506823
377.00,0.2691595735
377.60,0.2700693658
378.20,0.2709814006
378.80,0.271894768
379.40,0.272809468
380.00,0.273726377
380.60,0.2746441618
381.20,0.2755641166
381.80,0.2764853641
382.40,0.2774079043
383.00,0.2783325885
383.60,0.2792581248
384.20,0.2801857776
384.81,0.28113018708
385.41,0.28206034788
386.01,0.28299262314
386.61,0.28392572518
387.21,0.28486084798
387.81,0.28579723031
388.41,0.28673479091
389.01,0.28767440579
389.61,0.28861482319
390.21,0.28955720059
390.82,0.29051654924
391.42,0.29146129844
392.02,0.29240808656
392.62,0.29335565012
393.22,0.29430506072
393.82,0.29525570812
394.42,0.29620743772
395.03,0.29717704242
395.63,0.29813153962
396.23,0.29908780402
396.83,0.30004530328
397.43,0.30100381288
398.04,0.30198028268
398.64,0.30294151028
399.24,0.30390442148
399.84,0.30486856722
400.44,0.30583365702
401.05,0.3068168023
401.65,0.30778457395
402.25,0.30875394175
402.85,0.3097245426
403.46,0.31071221556
404.06,0.31168565044
404.66,0.31265977796
405.27,0.31365168737
405.87,0.31462859471
406.47,0.31560628451
407.08,0.31660223592
407.68,0.31758256296
408.28,0.31856429616
408.88,0.31954728982
409.49,0.32054740861
410.09,0.32153307311
410.70,0.322535852
411.30,0.323523509
411.90,0.3245124532
412.51,0.3255185661
413.11,0.3265100721
413.71,0.32750224065
414.32,0.3285121963
414.92,0.32950690864
415.53,0.33051886476
416.13,0.33151599996
416.73,0.33251384425
417.34,0.333529479
417.94,0.33452980072
418.55,0.33554743825
419.15,0.33655004125
419.76,0.33757013534
420.36,0.33857454074
420.96,0.33958030682
421.57,0.34060346074
422.17,0.34161138994
422.78,0.34263692996
423.38,0.34364659916
423.99,0.34467449758
424.59,0.34568614009
425.20,0.3467161257
425.80,0.347730066
426.41,0.348761759
427.01,0.34977796139
427.62,0.35081168604
428.23,0.35184675966
428.83,0.35286577467
429.44,0.35390253006
430.04,0.35492373072
430.65,0.3559625204
431.25,0.356985506
431.86,0.35802649248
432.47,0.35906813946
433.07,0.36009421791
433.68,0.36113794256
434.28,0.36216564776
434.89,0.36321148992
435.50,0.364257901
436.10,0.3652886866
436.71,0.36633718263
437.31,0.36736948443
437.92,0.3684200505
438.53,0.36947116946
439.13,0.37050645866
439.74,0.37155959212
440.35,0.3726136343
440.95,0.37365149375
441.56,0.37470716572
442.17,0.37576415054
442.78,0.37682180932
443.38,0.37786291072
443.99,0.37892250404
444.60,0.3799826134
445.20,0.3810265318
445.81,0.3820885606
446.42,0.3831512782
447.03,0.3842152148
447.63,0.38526218512
448.24,0.38632768676
448.85,0.3873939689
449.46,0.38846083084
450.06,0.38951146156
450.67,0.39058006562
451.28,0.39164963108
451.89,0.3927200483
452.50,0.393790946
453.10,0.3948455858
453.71,0.39591824666
454.32,0.39699175272
454.93,0.39806618414
455.54,0.39914108596
456.15,0.4002171711
456.75,0.40127613075
457.36,0.4023534731
457.97,0.40343178694
458.58,0.40451055248
459.19,0.40559039339
459.80,0.4066708409
460.41,0.40775191523
461.02,0.40883402176
461.62,0.40989880036
462.23,0.41098228419
462.84,0.41206643612
463.45,0.4131511186
464.06,0.41423688636
464.67,0.415323073
465.28,0.416410093
465.89,0.41749785322
466.50,0.418586031
467.11,0.41967536717
467.72,0.4207651066
468.33,0.4218555609
468.94,0.422946827
469.55,0.42403849765
470.16,0.42513118638
470.77,0.42622436084
471.38,0.42731814696
471.99,0.42841281361
472.60,0.429507871
473.21,0.4306038214
473.82,0.43170033148
474.43,0.43279734877
475.04,0.43389530242
475.65,0.4349936338
476.26,0.43609275132
476.87,0.43719249932
477.48,0.43829265628
478.09,0.43939379264
478.70,0.4404952978
479.32,0.44161555968
479.93,0.44271845329
480.54,0.44382170528
481.15,0.4449258858
481.76,0.44603048388
482.37,0.44713564406
482.98,0.44824157416
483.59,0.44934785444
484.21,0.45047310236
484.82,0.45158069488
485.43,0.45268873487
486.04,0.45379761888
486.65,0.45490684015
487.26,0.45601676016
487.88,0.45714544634
488.49,0.45825628257
489.10,0.459368026
489.71,0.46048009598
490.32,0.46159275916
490.94,0.46272430468
491.55,0.4638379302
492.16,0.46495236604
492.77,0.46606719257
493.39,0.46720079499
494.00,0.4683168145
494.61,0.46943314344
495.22,0.47055017788
495.84,0.47168600138
496.45,0.47280389165
497.06,0.47392254464
497.67,0.47504149574
498.29,0.47617939538
498.90,0.477299485
499.51,0.47841987309
500.13,0.47955943867
500.74,0.48068094168
501.35,0.4818029342
501.97,0.48294392963
502.58,0.48406681604
503.19,0.48519038297
503.81,0.48633276862
504.42,0.48745712184
505.03,0.48858213756
505.65,0.4897258871
506.26,0.49085177264
506.88,0.49199657512
507.49,0.49312319876
508.10,0.4942505718
508.72,0.49539670152
509.33,0.49652481478
509.95,0.49767195765
510.56,0.49880086906
511.18,0.49994895468
511.79,0.50107886006
512.40,0.5022091376
513.02,0.50335854436
513.63,0.50448967261
514.25,0.50563989475
514.86,0.50677198036
515.48,0.50792291798
516.09,0.50905594522
516.71,0.51020780102
517.32,0.51134152384
517.94,0.51249431452
518.55,0.5136287601
519.17,0.51478242014
519.78,0.5159177704
520.40,0.5170720895
521.01,0.51820833166
521.63,0.51936344365
522.24,0.5205004257
522.86,0.5216564212
523.48,0.5228126871
524.09,0.52395090181
524.71,0.52510800849
525.32,0.52624685958
525.94,0.52740481948
526.56,0.5285630186
527.17,0.5297030842
527.79,0.53086211983
528.40,0.5320027753
529.02,0.53316263392
529.64,0.53432272062
530.25,0.53546453875
530.87,0.53662543411
531.49,0.53778657197
532.10,0.5389295266
532.72,0.54009143092
533.34,0.54125370524
533.95,0.54239764225
534.57,0.54356054154
535.19,0.54472392318
535.80,0.545868813
536.42,0.5470327576
537.04,0.54819717254
537.65,0.5493430058
538.27,0.55050803044
538.89,0.55167338775
539.51,0.55283894971
540.12,0.55398622002
540.74,0.55515249964
541.36,0.55631909846
541.98,0.55748608272
542.59,0.55863443077
543.21,0.55980204763
543.83,0.56096992519
544.45,0.56213803185
545.06,0.56328774664
545.68,0.5644564887
546.30,0.56562557
546.92,0.5667949831
547.54,0.5679645852
548.16,0.5691346368
548.77,0.57028601208
549.39,0.57145651256
550.01,0.57262740574
550.63,0.57379847943
551.25,0.57496991425
551.87,0.57614160992
552.48,0.57729458068
553.10,0.5784669026
553.72,0.57963939088
554.34,0.58081215436
554.96,0.58198523984
555.58,0.58315849204
556.20,0.5843321136
556.82,0.58550595884
557.44,0.58668001378
558.06,0.58785443832
558.68,0.58902902288
559.29,0.59018495214
559.91,0.59136009715
560.53,0.5925353975
561.15,0.5937110725
561.77,0.59488692759
562.39,0.59606301613
563.01,0.59723941475
563.63,0.59841596033
564.25,0.59959280775
564.87,0.60076988679
565.49,0.60194712233
566.11,0.60312472204
566.73,0.60430246273
567.35,0.60548043235
567.97,0.60665868303
568.59,0.60783707372
569.21,0.60901576068
569.83,0.61019464102
570.45,0.6113736913
571.08,0.6125720781
571.70,0.613751585
572.32,0.6149313334
572.94,0.61611131016
573.56,0.61729141358
574.18,0.61847182724
574.80,0.6196523963
575.42,0.62083313112
576.04,0.62201415916
576.66,0.62319531128
577.29,0.62439574982
577.91,0.6255773396
578.53,0.62675904983
579.15,0.62794105565
579.77,0.62912319431
580.39,0.63030550517
581.01,0.6314880644
581.64,0.63268981796
582.26,0.63387272464
582.88,0.63505580726
583.50,0.636239001
584.12,0.637422488
584.75,0.638625176
585.37,0.639808942
585.99,0.64099291772
586.61,0.642177001
587.23,0.643361325
587.86,0.64456489968
588.48,0.64574947974
589.10,0.6469343232
589.72,0.64811926674
590.35,0.64932349095
590.97,0.65050878661
591.59,0.65169418055
592.21,0.65287980345
592.84,0.65408467952
593.46,0.65527053988
594.08,0.6564566276
594.71,0.65766194318
595.33,0.65884828714
595.95,0.66003480345
596.58,0.66124055112
597.20,0.6624273483
597.82,0.66361426772
598.45,0.66482044745
599.07,0.66600768496
599.69,0.66719500834
600.32,0.66840163852
600.94,0.66958926324
601.56,0.67077696878
602.19,0.67198402547
602.81,0.67317203165
603.44,0.6743793101
604.06,0.67556759116
604.68,0.67675595154
605.31,0.67796363193
605.93,0.67915226964
606.56,0.68036015532
607.18,0.68154904996
607.81,0.68275720929
608.43,0.68394628187
609.05,0.68513553045
609.68,0.68634403092
610.30,0.6875334662
610.93,0.6887422089
611.55,0.6899318367
612.18,0.69114082812
612.80,0.6923307018
613.43,0.69353984568
614.05,0.6947299486
614.68,0.69593931334
615.30,0.6971295974
615.93,0.69833918709
616.55,0.69952963895
617.18,0.70073943992
617.80,0.7019301094
618.43,0.70314006094
619.06,0.70435014128
619.68,0.70554107448
620.31,0.70675132716
620.93,0.70794245935
621.56,0.70915285744
622.18,0.71034417132
622.81,0.71155476566
623.44,0.71276542784
624.06,0.7139569986
624.69,0.71516783819
625.31,0.71635954081
625.94,0.71757055376
626.57,0.71878161893
627.19,0.71997356831
627.82,0.72118480316
628.45,0.7223960966
629.07,0.72358827089
629.70,0.7247997136
630.33,0.72601122124
630.95,0.72720358815
631.58,0.72841523484
632.21,0.72962697558
632.83,0.73081953316
633.46,0.73203137092
634.09,0.73324329895
634.72,0.73445527006
635.34,0.73564807132
635.97,0.73686017194
636.60,0.7380723084
637.22,0.73926528388
637.85,0.74047754745
638.48,0.74168984826
639.11,0.74290222715
639.73,0.74409539573
640.36,0.74530786286
640.99,0.74652039222
641.62,0.74773295532
642.25,0.74894558625
642.87,0.75013900348
643.50,0.751351693
644.13,0.75256444993
644.76,0.75377723962
645.39,0.75499007593
646.01,0.75618370473
646.64,0.75739660796
647.27,0.75860955578
647.90,0.7598225444
648.53,0.76103555897
649.16,0.76224862334
649.79,0.76346170888
650.41,0.76465556352
651.04,0.7658687241
651.67,0.76708190444
652.30,0.7682951156
652.93,0.769508356
653.56,0.77072161462
654.19,0.77193491713
654.82,0.7731482334
655.45,0.774361563
656.08,0.77557492624
656.71,0.77678830498
657.33,0.77798244854
657.96,0.77919586812
658.59,0.78040929816
659.22,0.78162275628
659.85,0.78283623225
660.48,0.7840497225
661.11,0.785263228
661.74,0.78647674048
662.37,0.78769026349
663.00,0.788903802
663.63,0.79011734597
664.26,0.79133089544
664.89,0.792544457
665.52,0.79375802632
666.15,0.7949716054
666.78,0.7961851898
667.41,0.79739878085
668.04,0.7986123692
668.67,0.79982595965
669.31,0.80105882045
669.94,0.80227240504
670.57,0.80348598517
671.20,0.8046995737
671.83,0.80591316421
672.46,0.80712675652
673.09,0.80834033526
673.72,0.80955390824
674.35,0.8107674722
674.98,0.81198102464
675.62,0.81321383556
676.25,0.81442738125
676.88,0.81564090756
677.51,0.81685442096
678.14,0.81806792444
678.77,0.81928141874
679.40,0.8204949008
680.04,0.82172762558
680.67,0.82294107794
681.30,0.8241545096
681.93,0.82536792105
682.56,0.82658132082
683.20,0.8278139589
683.83,0.82902731226
684.46,0.83024064312
685.09,0.83145392147
685.72,0.83266717888
686.36,0.83389966144
686.99,0.83511282031
687.62,0.83632594924
688.25,0.83753903125
688.89,0.83877132446
689.52,0.83998433204
690.15,0.8411972408
690.78,0.842410114
691.42,0.843642194
692.05,0.8448549408
692.68,0.8460676386
693.32,0.8472994914
693.95,0.84851200875
694.58,0.84972447772
695.22,0.85095609948
695.85,0.85216839735
696.48,0.85338063138
697.12,0.85461198756
697.75,0.855824035
698.38,0.85703598364
699.02,0.85826705724
699.65,0.8594788308
700.28,0.86069047956
700.92,0.86192124534
701.55,0.8631327081
702.18,0.86434402296
702.82,0.86557446616
703.45,0.86678558635
704.09,0.86801577845
704.72,0.86922666372
705.35,0.8704374141
705.99,0.87166722545
706.62,0.872877737
707.26,0.874107305
707.89,0.8753175206
708.53,0.87654684881
709.16,0.87775678082
709.80,0.8789858029
710.43,0.88019549299
711.07,0.88142417931
711.70,0.8826335688
712.33,0.88384279962
712.97,0.88507104363
713.60,0.8862799907
714.24,0.88750790558
714.88,0.8887356772
715.51,0.88994416401
716.15,0.89117155665
716.78,0.89237965676
717.42,0.89360678764
718.05,0.8948144949
718.69,0.8960412539
719.32,0.8972486552
719.96,0.8984750169
720.59,0.89968209654
721.23,0.90090808438
721.87,0.90213389832
722.50,0.903340434
723.14,0.90456581064
723.77,0.90577191009
724.41,0.90699697697
725.05,0.9082217639
725.68,0.90942727844
726.32,0.91065169956
726.95,0.9118567578
727.59,0.91308080208
728.23,0.91430455376
728.86,0.91550900648
729.50,0.916732442
730.14,0.91795551784
730.77,0.91915932976
731.41,0.92038204208
732.05,0.9216044651
732.68,0.92280763316
733.32,0.92402962484
733.96,0.92525136582
734.60,0.9264729499
735.23,0.92767513417
735.87,0.92889619131
736.51,0.93011708946
737.14,0.93131852844
737.78,0.93253886512
738.42,0.93375897968
739.06,0.93497875712
739.69,0.93617931242
740.33,0.93739865194
740.97,0.93861768972
741.61,0.93983654796
742.24,0.94103602764
742.88,0.94225430272
743.52,0.94347239802
744.16,0.94469009466
744.80,0.9459076032
745.43,0.94710587832
746.07,0.94832276955
746.71,0.94953946835
747.35,0.95075587475
747.99,0.9519719553
748.63,0.95318784614
749.26,0.95438439128
749.90,0.9555996628
750.54,0.95681474492
751.18,0.95802938364
751.82,0.95924380668
752.46,0.96045801404
753.10,0.9616717768
753.74,0.96288533784
754.37,0.96407965467
755.01,0.96529256885
755.65,0.96650527665
756.29,0.96771761009
756.93,0.96892962791
757.57,0.97014143888
758.21,0.97135282064
758.85,0.9725639336
759.49,0.97377482384
760.13,0.97498524473
760.77,0.97619545108
761.41,0.97740537364
762.05,0.9786148661
762.69,0.97982413447
763.33,0.98103303879
763.97,0.98224158638
764.61,0.98344991529
765.25,0.98465781225
765.89,0.98586540774
766.53,0.98707278511
767.17,0.98827965679
767.81,0.98948628388
768.45,0.9906926506
769.09,0.99189852408
769.73,0.99310416946
770.37,0.99430948274
771.01,0.99551436915
771.65,0.99671902135
772.29,0.99792326391
772.93,0.99912713538
773.57,1.00033076619
774.21,1.00153391307
774.86,1.00275556536
775.50,1.00395819
776.14,1.00516023864
776.78,1.00636204984
777.42,1.00756355576
778.06,1.00876457336
778.70,1.0099653456
779.34,1.01116573152
779.99,1.01238444766
780.63,1.01358415782
781.27,1.01478339878
781.91,1.01598227853
782.55,1.01718091245
783.19,1.01837903661
783.84,1.01959556526
784.48,1.02079309422
785.12,1.02199005092
785.76,1.02318675412
786.40,1.0243831138
787.05,1.02559767435
787.69,1.02679327959
788.33,1.02798845463
788.97,1.0291831921
789.61,1.03037767076
790.26,1.03159032116
790.90,1.0327839298
791.54,1.03397726968
792.18,1.03517004856
792.83,1.0363811488
793.47,1.0375733152
794.11,1.0387649082
794.76,1.03997484342
795.40,1.0411657983
796.04,1.04235623532
796.68,1.04354639806
797.33,1.04475469411
797.97,1.04594394697
798.61,1.04713292781
799.26,1.04833995896
799.90,1.0495280296
800.54,1.05071582632
801.19,1.05192158152
801.83,1.05310845103
802.47,1.05429500527
803.12,1.05549950546
803.76,1.05668518164
804.41,1.05788899074
805.05,1.0590737264
805.69,1.06025817943
806.34,1.06146067748
806.98,1.06264419124
807.63,1.06384590201
808.27,1.06502860729
808.91,1.06621089027
809.56,1.06741134444
810.20,1.0685927358
810.85,1.0697922266
811.49,1.07097296004
812.14,1.0721714634
812.78,1.07335123948
813.43,1.07454908613
814.07,1.07572789105
814.71,1.07690640687
815.36,1.07810289242
816.00,1.0792804315
816.65,1.08047606035
817.29,1.08165278291
817.94,1.08284740864
818.58,1.08402334656
819.23,1.08521707611
819.88,1.0864104021
820.52,1.08758506498
821.17,1.08877739183
821.81,1.08995105248
822.46,1.09114270268
823.10,1.092315361
823.75,1.0935060275
824.39,1.0946779507
825.04,1.09586759876
825.69,1.0970569271
826.33,1.0982274807
826.98,1.09941578228
827.62,1.10058547952
828.27,1.10177286442
828.92,1.10295980454
829.56,1.10412817594
830.21,1.10531413279
830.85,1.1064814728
831.50,1.10766674
832.15,1.108851274
832.79,1.1100172567
833.44,1.1112010562
834.09,1.11238420021
834.73,1.11354882084
835.38,1.11473117604
836.03,1.11591293552
836.67,1.11707618799
837.32,1.11825707354
837.97,1.11943744256
838.61,1.1205993277
839.26,1.1217787332
839.91,1.12295768524
840.56,1.1241363029
841.20,1.1252961205
841.85,1.12647366475
842.50,1.12765087
843.14,1.12880922328
843.79,1.12998535335
844.44,1.1311610831
845.09,1.132336096
845.74,1.13351077032
846.38,1.13466692584
847.03,1.13584052036
847.68,1.13701376796
848.33,1.13818647976
848.97,1.13934060417
849.62,1.14051241732
850.27,1.14168359447
850.92,1.14285429408
851.57,1.14402464951
852.22,1.14519431996
852.86,1.1463455714
853.51,1.14751446461
854.16,1.14868261926
854.81,1.14985039912
855.46,1.15101776792
856.11,1.15218443644
856.76,1.15335074262
857.40,1.1544986383
858.05,1.15566382965
858.70,1.1568286618
859.35,1.15799294765
860.00,1.1591566505
860.65,1.16031999425
861.30,1.161482724
861.95,1.1626449259
862.60,1.1638067707
863.25,1.16496794175
863.90,1.1661286452
864.54,1.1672711552
865.19,1.1684307747
865.84,1.16958998212
866.49,1.17074881382
867.14,1.17190686792
867.79,1.17306456042
868.44,1.17422181912
869.09,1.17537836215
869.74,1.176534536
870.39,1.1776902035
871.04,1.17884522786
871.69,1.17999988561
872.34,1.18115397296
872.99,1.18230746251
873.64,1.1834605848
874.29,1.1846130803
874.94,1.18576503768
875.59,1.18691662753
876.25,1.18808523475
876.90,1.1892356402
877.55,1.19038567455
878.20,1.1915349727
878.85,1.19268382705
879.50,1.193832301
880.15,1.194979993
880.80,1.1961273058
881.45,1.1972741762
882.10,1.198420308
882.75,1.19956606775
883.41,1.20072895013
884.06,1.20187352148
884.71,1.20301771624
885.36,1.20416135484
886.01,1.20530435186
886.66,1.20644697356
887.31,1.20758898521
887.97,1.20874797313
888.62,1.2098890146
889.27,1.2110293941
889.92,1.21216924314
890.57,1.21330871391
891.22,1.21444745736
891.88,1.21560323164
892.53,1.2167411027
893.18,1.2178782062
893.83,1.21901489126
894.48,1.22015117056
895.14,1.22130410612
895.79,1.22243918507
896.44,1.22357381402
897.09,1.22470767656
897.75,1.225858594
898.40,1.2269915726
899.05,1.22812384225
899.70,1.2292557276
900.36,1.23040444308
901.01,1.23153510455
901.66,1.23266538252
902.32,1.23381241104
902.97,1.23494146579
903.62,1.23607013696
904.28,1.23721547324
904.93,1.23834289694
905.58,1.23946993224
906.23,1.24059623794
906.89,1.24173937846
907.54,1.24286481076
908.20,1.2440067553
908.85,1.2451309395
909.50,1.246254731
910.16,1.24739496878
910.81,1.24851752382
911.46,1.24963963312
912.12,1.250778217
912.77,1.2518991431
913.43,1.2530368049
914.08,1.254156487
914.73,1.25527577682
915.39,1.25641172526
916.04,1.25752977062
916.70,1.2586646104
917.35,1.25978165945
918.00,1.2608980665
918.66,1.26203124148
919.31,1.26314659468
919.97,1.26427849945
920.62,1.26539285308
921.28,1.26652363702
921.93,1.26763673102
922.59,1.26876654317
923.24,1.26987850662
923.90,1.2710070456
924.55,1.27211808045
925.21,1.27324541919
925.86,1.27435519788
926.52,1.27548163228
927.17,1.27659018388
927.83,1.27771535386
928.48,1.27882304616
929.14,1.27994692932
929.79,1.28105337555
930.45,1.28217636225
931.10,1.2832815486
931.76,1.28440332894
932.42,1.28552458248
933.07,1.28662809436
933.73,1.28774817106
934.38,1.28885071536
935.04,1.28996949396
935.70,1.2910878514
936.35,1.29218867645
937.01,1.29330574877
937.66,1.29440549312
938.32,1.29552152474
938.98,1.29663689636
939.63,1.29773495202
940.29,1.29884919966
940.95,1.29996285375
941.60,1.3010592288
942.26,1.30217173008
942.92,1.30328366184
943.57,1.30437833527
944.23,1.30548908953
944.89,1.30659931222
945.54,1.30769229784
946.20,1.3088012767
946.86,1.30990977676
947.51,1.3110010749
948.17,1.3121082843
948.83,1.3132150581
949.49,1.3143213963
950.14,1.3154101078
950.80,1.3165151536
951.46,1.31761971772
952.11,1.31870673838
952.77,1.31981006281
953.43,1.32091285879
954.09,1.3220148801
954.75,1.32311646875
955.40,1.3242008163
956.06,1.3253010862
956.72,1.32640092824
957.38,1.32750018596
958.03,1.32858207965
958.69,1.3296801994
959.35,1.330777687
960.01,1.33187448406
960.67,1.33297084971
961.33,1.33406655729
961.98,1.335145021
962.64,1.33623965258
963.30,1.3373335676
963.96,1.33842687818
964.62,1.33951976276
965.28,1.34061191294
965.94,1.34170347968
966.59,1.34277809567
967.25,1.34386845725
967.91,1.34495826246
968.57,1.34604763539
969.23,1.34713622421
969.89,1.34822428224
970.55,1.3493119052
971.21,1.35039870344
971.87,1.35148500625
972.53,1.35257087962
973.19,1.35365588926
973.84,1.35472400784
974.50,1.355808141
975.16,1.35689137062
975.82,1.3579741644
976.48,1.3590564951
977.14,1.36013795796
977.80,1.3612189899
978.46,1.36229953728
979.12,1.36337923402
979.78,1.36445850768
980.44,1.36553728164
981.10,1.3666152222
981.76,1.3676927214
982.42,1.3687696698
983.08,1.36984585608
983.74,1.37092159908
984.40,1.3719967503
985.06,1.37307116008
985.72,1.37414513584
986.39,1.37523477158
987.05,1.37630740765
987.71,1.37737960558
988.37,1.37845118026
989.03,1.37952203096
989.69,1.38059245157
990.35,1.38166224755
991.01,1.38273133973
991.67,1.3837999932
992.33,1.3848679788
992.99,1.38593530241
993.66,1.38701834524
994.32,1.38808453498
994.98,1.38915006424
995.64,1.39021515696
996.30,1.3912795482
996.96,1.39234331292
997.62,1.39340664336
998.29,1.39448534537
998.95,1.39554731105
999.61,1.39660883371
1000.27,1.39766962597
1000.93,1.39872983128
1001.59,1.39978960024
1002.26,1.40086463936
1002.92,1.40192305898
1003.58,1.40298104084
1004.24,1.40403822752
1004.90,1.4050948614
1005.57,1.4061670466
1006.23,1.4072224394
1006.89,1.40827729907
1007.55,1.4093317198
1008.22,1.41040125152
1008.88,1.41145431886
1009.54,1.41250696184
1010.20,1.4135587517
1010.87,1.41462596088
1011.53,1.41567678777
1012.19,1.41672675471
1012.86,1.41779215216
1013.52,1.4188412148
1014.18,1.4198893872
1014.84,1.42093709686
1015.51,1.42200022502
1016.17,1.42304659034
1016.83,1.42409249828
1017.50,1.425153789
1018.16,1.42619836902
1018.82,1.42724249464
1019.49,1.42830195023
1020.15,1.4293447435
1020.81,1.43038709032
1021.48,1.43144473356
1022.14,1.4324857002
1022.81,1.43354199757
1023.47,1.43458205659
1024.13,1.43562124054
1024.80,1.4366757236
1025.46,1.43771397752
1026.13,1.43876708812
1026.79,1.43980403707
1027.45,1.44084048985
1028.12,1.44189178962
1028.78,1.44292694248
1029.45,1.4439772452
1030.11,1.44501103667
1030.78,1.4460600506
1031.44,1.4470928978
1032.11,1.44814054386
1032.77,1.44917210409
1033.43,1.45020313431
1034.10,1.4512489486
1034.76,1.4522787049
1035.43,1.45332351295
1036.09,1.45435192622
1036.76,1.45539547512
1037.42,1.45642290504
1038.09,1.45746507844
1038.75,1.45849124475
1039.42,1.45953238924
1040.08,1.46055720314
1040.75,1.461597093
1041.42,1.4626364104
1042.08,1.46365942332
1042.75,1.4646974845
1043.41,1.4657194879
1044.08,1.46675617696
1044.74,1.46777694112
1045.41,1.46881258558
1046.08,1.4698474453
1046.74,1.4708664106
1047.41,1.47190023065
1048.07,1.47291784079
1048.74,1.47395041692
1049.41,1.47498240653
1050.07,1.47599821583
1050.74,1.47702896468
1051.40,1.4780437523
1052.07,1.47907313687
1052.74,1.480102057
1053.40,1.4811150415
1054.07,1.48214258024
1054.74,1.48316965784
1055.40,1.4841808379
1056.07,1.48520656253
1056.74,1.48623181976
1057.40,1.4872411901
1058.07,1.48826508956
1058.74,1.48928852036
1059.40,1.4902960856
1060.07,1.49131814121
1060.74,1.49233974176
1061.41,1.49336077084
1062.07,1.49436575185
1062.74,1.49538551244
1063.41,1.49640470371
1064.07,1.49740789714
1064.74,1.49842584168
1065.41,1.49944320787
1066.08,1.50045977598
1066.74,1.5014607216
1067.41,1.50247625065
1068.08,1.50349098974
1068.75,1.50450526075
1069.42,1.50551895132
1070.08,1.50651673672
1070.75,1.50752919225
1071.42,1.50854107784
1072.09,1.50955215395
1072.76,1.51056276202
1073.42,1.51155772984
1074.09,1.51256698174
1074.76,1.51357577198
1075.43,1.51458400339
1076.10,1.5155914062
1076.77,1.51659835999
1077.43,1.51758977041
1078.10,1.5185953508
1078.77,1.51960047087
1079.44,1.52060505614
1080.11,1.52160881181
1080.78,1.52261210256
1081.45,1.5236148594
1082.12,1.5246167873
1082.78,1.52560330908
1083.45,1.5266042462
1084.12,1.527604355
1084.79,1.5286039939
1085.46,1.5296031046
1086.13,1.5306013774
1086.80,1.5315991857
1087.47,1.53259648673
1088.14,1.5335929212
1088.81,1.53458889314
1089.48,1.53558437512
1090.15,1.5365789809
1090.82,1.53757312868
1091.49,1.53856680501
1092.16,1.53955958242
1092.83,1.54055189543
1093.50,1.541543744
1094.17,1.54253468338
1094.84,1.54352516274
1095.51,1.54451518245
1096.18,1.5455043336
1096.85,1.5464929916
1097.52,1.5474811723
1098.19,1.54846849435
1098.86,1.54945532032
1099.53,1.55044167945
1100.20,1.5514271925
1100.87,1.55241220457
1101.54,1.55339675552
1102.21,1.55438044148
1102.88,1.55536362318
1103.55,1.55634635245
1104.22,1.55732824348
1104.89,1.55830959787
1105.57,1.55930511605
1106.24,1.5602852021
1106.91,1.56126471784
1107.58,1.56224376872
1108.25,1.5632220585
1108.92,1.56419976574
1109.59,1.56517700464
1110.26,1.56615345996
1110.94,1.56714390756
1111.61,1.56811932501
1112.28,1.56909396798
1112.95,1.570068021
1113.62,1.57104162096
1114.29,1.57201446632
1114.97,1.57300120854
1115.64,1.5739729741
1116.31,1.57494401515
1116.98,1.5759144202
1117.65,1.57688436995
1118.32,1.57785361406
1119.00,1.578836652
1119.67,1.57980477005
1120.34,1.5807722266
1121.01,1.58173898955
1121.69,1.58271970464
1122.36,1.58368534616
1123.03,1.58465028437
1123.70,1.585614771
1124.38,1.586593019
1125.05,1.5875561308
1125.72,1.58851878852
1126.39,1.58948085224
1127.07,1.59045650847
1127.74,1.59141734272
1128.41,1.59237758873
1129.09,1.59335139918
1129.76,1.59431041966
1130.43,1.59526888213
1131.10,1.596226546
1131.78,1.59719804144
1132.45,1.5981547331
1133.12,1.59911057102
1133.80,1.6000802132
1134.47,1.60103510658
1135.14,1.60198913404
1135.82,1.60295693168
1136.49,1.60391002276
1137.17,1.60487645401
1137.84,1.6058282119
1138.51,1.60677952097
1139.19,1.60774409893
1139.86,1.60869402824
1140.53,1.60964351825
1141.21,1.61060631325
1141.88,1.61155444448
1142.56,1.6125162547
1143.23,1.61346309535
1143.91,1.6144235247
1144.58,1.61536937128
1145.25,1.61631443375
1145.93,1.61727303231
1146.60,1.6182170763
1147.28,1.61917445034
1147.95,1.6201171437
1148.63,1.62107343269
1149.30,1.6220149254
1149.98,1.62296984816
1150.65,1.6239102711
1151.33,1.62486402142
1152.00,1.625803079
1152.68,1.62675568712
1153.35,1.6276936429
1154.03,1.62864491061
1154.70,1.6295817216
1155.38,1.63053185704
1156.05,1.6314673038
1156.73,1.63241625649
1157.40,1.6333506807
1158.08,1.63429827028
1158.75,1.63523145525
1159.43,1.63617799417
1160.10,1.6371098442
1160.78,1.63805513364
1161.46,1.63899988348
1162.13,1.63992990897
1162.81,1.64087336509
1163.48,1.64180248022
1164.16,1.64274456778
1164.83,1.64367234671
1165.51,1.6446135125
1166.19,1.6455537825
1166.86,1.6464797552
1167.54,1.64741908592
1168.22,1.64835758656
1168.89,1.64928175844
1169.57,1.65021925061
1170.24,1.65114219102
1170.92,1.65207834176
1171.60,1.6530140135
1172.27,1.65393518645
1172.95,1.65486951425
1173.63,1.65580336399
1174.30,1.6567227534
1174.98,1.657655266
1175.66,1.6585873082
1176.34,1.6595186328
1177.01,1.66043562701
1177.69,1.66136584843
1178.37,1.66229540639
1179.04,1.6632106021
1179.72,1.66413899416
1180.40,1.6650667712
1181.08,1.66599380816
1181.75,1.666906758
1182.43,1.66783277384
1183.11,1.66875799424
1183.79,1.66968273215
1184.46,1.6705933526
1185.14,1.67151676632
1185.82,1.67243970936
1186.50,1.673362179
1187.17,1.67427019248
1187.85,1.67519130725
1188.53,1.67611195783
1189.21,1.67703176731
1189.20,1.6770182407
1189.86,1.67791053364
1190.51,1.6787889137
1191.17,1.6796799599
1191.82,1.6805570766
1192.47,1.6814337511
1193.13,1.68232311784
1193.78,1.6831986086
1194.44,1.6840870808
1195.09,1.68496130306
1195.75,1.6858485825
1196.40,1.686721916
1197.06,1.68760795068
1197.71,1.68848015628
1198.37,1.68936519516
1199.02,1.69023615564
1199.67,1.69110672896
1200.33,1.69199006504
1200.98,1.69285939516
1201.64,1.6937416978
1202.29,1.6946099808
1202.95,1.6954910262
1203.60,1.6963583206
1204.26,1.69723824316
1204.91,1.69810431204
1205.57,1.6989833045
1206.22,1.699848227
1206.87,1.7007126685
1207.53,1.70159000089
1208.18,1.70245324184
1208.84,1.7033293187
1209.49,1.70419170945
1210.15,1.7050665572
1210.80,1.7059277528
1211.46,1.70680174196
1212.11,1.70766168366
1212.77,1.70853446223
1213.42,1.70939353408
1214.08,1.7102650719
1214.73,1.71112300825
1215.38,1.711980407
1216.04,1.71285029342
1216.69,1.71370660571
1217.35,1.71457550165
1218.00,1.71543059
1218.66,1.71629843528
1219.31,1.71715250798
1219.97,1.71801910691
1220.62,1.71887218004
1221.28,1.71973769876
1221.93,1.72058955015
1222.59,1.7214541083
1223.24,1.7223048738
1223.89,1.72315512216
1224.55,1.7240180381
1225.20,1.7248671214
1225.86,1.72572881536
1226.51,1.72657706928
1227.17,1.72743752976
1227.82,1.72828454944
1228.48,1.72914417766
1229.13,1.72998997859
1229.79,1.73084839883
1230.44,1.73169335138
1231.10,1.7325505376
1231.75,1.7333943405
1232.41,1.7342506047
1233.06,1.73509319464
1233.71,1.73593540403
1234.37,1.73679000041
1235.02,1.73763099472
1235.68,1.73848453108
1236.33,1.73932452998
1236.99,1.74017682425
1237.64,1.74101581858
1238.30,1.7418670846
1238.95,1.74270487755
1239.61,1.74355516138
1240.26,1.74439187908
1240.92,1.74524093974
1241.57,1.74607674735
1242.23,1.74692465265
1242.88,1.74775923552
1243.54,1.74860626508
1244.19,1.74943969638
1244.84,1.75027270234
1245.50,1.75111813
1246.15,1.7519499233
1246.81,1.75279412499
1247.46,1.75362510384
1248.12,1.7544680895
1248.77,1.75529791629
1249.43,1.75614002811
1250.08,1.75696864406
1250.74,1.75780961384
1251.39,1.75863731799
1252.05,1.75947708505
1252.70,1.7603037412
1253.36,1.76114253256
1254.01,1.76196797287
1254.67,1.76280572096
1255.32,1.76363017316
1255.98,1.76446671356
1256.63,1.76529019544
1257.29,1.76612568152
1257.94,1.76694795476
1258.59,1.7677698539
1259.25,1.7686037045
1259.90,1.7694244094
1260.56,1.7702573417
1261.21,1.77107692345
1261.87,1.77190866053
1262.52,1.7727274203
1263.18,1.7735579742
1263.83,1.77437552023
1264.49,1.77520522669
1265.14,1.77602158744
1265.80,1.7768501317
1266.45,1.77766569255
1267.11,1.77849301786
1267.76,1.7793074221
1268.42,1.7801338642
1269.07,1.78094708335
1269.73,1.78177242776
1270.38,1.78258474056
1271.04,1.78340887656
1271.69,1.78422014655
1272.35,1.78504332825
1273.00,1.785853423
1273.65,1.7866631465
1274.31,1.7874846947
1274.96,1.78829323216
1275.62,1.78911382972
1276.27,1.78992136112
1276.93,1.79074077901
1277.58,1.7915474036
1278.24,1.7923657508
1278.89,1.79317120116
1279.55,1.79398864755
1280.20,1.7947930037
1280.86,1.79560929536
1281.51,1.79641284643
1282.17,1.79722797481
1282.82,1.79803036652
1283.48,1.79884469828
1284.13,1.79964593127
1284.79,1.80045911493
1285.44,1.80125953598
1286.10,1.8020715752
1286.75,1.8028709305
1287.41,1.8036820771
1288.06,1.80448029016
1288.72,1.80529041464
1289.37,1.80608774494
1290.03,1.80689669738
1290.68,1.8076930328
1291.34,1.8085010774
1291.99,1.80929629237
1292.65,1.810103365
1293.30,1.8108976
1293.96,1.81170352546
1294.61,1.81249688524
1295.27,1.81330181068
1295.92,1.81409402788
1296.58,1.81489805508
1297.23,1.81568923573
1297.89,1.81649213794
1298.54,1.8172825218
1299.19,1.81807220355
1299.85,1.81887363385
1300.50,1.819662572
1301.16,1.8204628649
1301.81,1.82125066697
1302.47,1.82205018239
1303.12,1.82283688396
1303.78,1.82363533532
1304.43,1.82442126267
1305.09,1.8252185738
1305.74,1.82600345756
1306.40,1.8267999581
1307.05,1.8275837464
1307.71,1.82837922838
1308.36,1.82916213908
1309.02,1.82995652464
1309.67,1.83073852421
1310.33,1.83153198479
1310.98,1.8323128722
1311.64,1.8331054218
1312.29,1.8338854023
1312.95,1.83467687535
1313.60,1.8354560051
1314.26,1.83624646136
1314.91,1.83702450108
1315.57,1.83781416859
1316.22,1.83859120264
1316.88,1.83937975292
1317.53,1.84015600575
1318.19,1.84094353425
1318.84,1.84171873032
1319.50,1.842505482
1320.15,1.8432796021
1320.81,1.84406529322
1321.46,1.84483870352
1322.12,1.84562330626
1322.77,1.84639567192
1323.43,1.84717948528
1324.08,1.84795081716
1324.74,1.84873366932
1325.39,1.84950419102
1326.05,1.8502859685
1326.70,1.8510555546
1327.36,1.85183645868
1328.01,1.85260498671
1328.67,1.85338500008
1329.32,1.85415266568
1329.98,1.8549315924
1330.63,1.8556983818
1331.29,1.8564764294
1331.94,1.85724219912
1332.60,1.858019405
1333.25,1.8587842405
1333.91,1.85956039211
1334.56,1.8603244475
1335.22,1.861099601
1335.87,1.86186260645
1336.53,1.86263700971
1337.18,1.86339904176
1337.84,1.86417241828
1338.49,1.86493372558
1339.15,1.86570605825
1339.80,1.8664663596
1340.46,1.86723798012
1341.11,1.8679972372
1341.77,1.86876785041
1342.42,1.86952638936
1343.08,1.87029598276
1343.73,1.87105357975
1344.39,1.87182236425
1345.04,1.87257895672
1345.70,1.8733468594
1346.35,1.8741026352
1347.01,1.87486949364
1347.66,1.87562441188
1348.32,1.87639043626
1348.97,1.87714434426
1349.63,1.87790951435
1350.28,1.8786625361
1350.94,1.8794266984
1351.60,1.8801905312
1352.25,1.880942199
1352.91,1.88170500698
1353.56,1.8824559401
1354.22,1.8832178012
1354.87,1.88396773304
1355.53,1.88472887516
1356.18,1.88547785196
1356.84,1.88623800298
1357.49,1.88698631353
1358.15,1.8877454443
1358.80,1.8884927536
1359.46,1.88925119392
1360.11,1.88999752662
1360.77,1.89075502035
1361.42,1.8915006386
1362.08,1.89225713282
1362.73,1.89300184796
1363.39,1.89375758228
1364.04,1.89450131258
1364.70,1.8952561714
1365.35,1.8959991422
1366.01,1.89675303026
1366.66,1.89749517628
1367.32,1.89824820856
1367.97,1.89898936831
1368.63,1.89974162036
1369.28,1.90048195216
1369.94,1.90123322444
1370.59,1.90197280322
1371.25,1.9027231955
1371.90,1.9034618086
1372.56,1.90421146498
1373.21,1.90494917143
1373.87,1.90569786535
1374.52,1.90643491504
1375.18,1.90718263036
1375.84,1.90793002506
1376.49,1.90866579841
1377.15,1.9094122394
1377.80,1.9101470542
1378.46,1.91089281064
1379.11,1.91162669495
1379.77,1.91237155571
1380.42,1.91310473816
1381.08,1.91384863136
1381.73,1.91458094133
1382.39,1.91532408219
1383.04,1.91605545466
1383.70,1.916797779
1384.35,1.91752841475
1385.01,1.91826978207
1385.66,1.91899961136
1386.32,1.91974017822
1386.97,1.92046908539
1387.63,1.92120890165
1388.28,1.9219369699
1388.94,1.9226758454
1389.59,1.92340323596
1390.25,1.924141211
1390.90,1.9248676474
1391.56,1.92560497288
1392.22,1.92634169656
1392.87,1.92706691477
1393.53,1.92780299639
1394.18,1.92852729984
1394.84,1.92926242852
1395.49,1.92998612422
1396.15,1.9307203388
1396.80,1.9314431211
1397.46,1.93217666952
1398.11,1.93289853383
1398.77,1.93363120391
1399.42,1.93435240036
1400.08,1.93508414288
1400.73,1.93580450735
1401.39,1.93653555305
1402.04,1.93725502496
1402.70,1.9379852676
1403.35,1.9387040038
1404.01,1.93943332522
1404.67,1.94016234828
1405.32,1.94087987288
1405.98,1.94160797456
1406.63,1.94232475088
1407.29,1.94305205504
1407.94,1.94376792936
1408.60,1.9444945285
1409.25,1.94520962275
1409.91,1.94593532116
1410.56,1.94664973018
1411.22,1.94737457716
1411.87,1.9480881075
1412.53,1.94881232943
1413.18,1.94952497708
1413.84,1.95024828526
1414.49,1.95096035311
1415.15,1.95168274145
1415.81,1.95240486056
1416.46,1.95311574996
1417.12,1.95383697906
1417.77,1.95454698466
1418.43,1.95526754494
1419.08,1.955976661
1419.74,1.95669640864
1420.39,1.95740488329
1421.05,1.95812375375
1421.70,1.9588314536
1422.36,1.95954963128
1423.01,1.96025646185
1423.67,1.9609738814
1424.32,1.9616799894
1424.98,1.96239650124
1425.63,1.96310187786
1426.29,1.96381766238
1426.95,1.96453304235
1427.60,1.9652373005
1428.26,1.9659518528
1428.91,1.96665523907
1429.57,1.9673691793
1430.22,1.9680717578
1430.88,1.9687848184
1431.53,1.96948681057
1432.19,1.97019902911
1432.84,1.9709001423
1433.50,1.971611751
1434.15,1.9723120116
1434.81,1.97302277388
1435.47,1.97373322956
1436.12,1.9744323578
1436.78,1.97514196612
1437.43,1.97584049122
1438.09,1.97654926254
1438.74,1.97724700916
1439.40,1.9779550961
1440.05,1.9786520018
1440.71,1.97935935446
1441.36,1.98005558636
1442.02,1.98076208024
1442.67,1.98145760213
1443.33,1.98216339887
1443.99,1.98286877666
1444.64,1.98356319566
1445.30,1.9842678242
1445.95,1.9849613999
1446.61,1.98566537339
1447.26,1.98635817524
1447.92,1.98706130084
1448.57,1.98775352185
1449.23,1.98845586415
1449.88,1.98914724228
1450.54,1.98984898876
1451.20,1.9905501853
1451.85,1.991240457
1452.51,1.99194107814
1453.16,1.99263054224
1453.82,1.99333034212
1454.47,1.99401925502
1455.13,1.99471822163
1455.78,1.99540633008
1456.44,1.99610469984
1457.09,1.99679197966
1457.75,1.997489573
1458.41,1.99818682604
1459.06,1.99887304368
1459.72,1.99956955158
1460.37,2.00025513193
1461.03,2.00095080864
1461.68,2.0016356841
1462.34,2.0023306938
1462.99,2.00301476537
1463.65,2.0037090953
1464.30,2.0043924676
1464.96,2.00508597612
1465.62,2.00577921984
1466.27,2.00646151314
1466.93,2.00715394249
1467.58,2.00783562244
1468.24,2.00852729782
1468.89,2.00920816762
1469.55,2.0098992509
1470.20,2.0105793706
1470.86,2.01126966532
1471.51,2.01194925546
1472.17,2.01263872182
1472.83,2.01332793012
1473.48,2.01400644172
1474.14,2.01469485948
1474.79,2.01537258465
1475.45,2.01606042675
1476.10,2.0167373814
1476.76,2.01742447994
1477.41,2.01810081729
1478.07,2.01878709642
1478.73,2.01947312344
1479.38,2.02014842664
1480.04,2.02083367956
1480.69,2.02150829102
1481.35,2.0221928813
1482.00,2.0228667015
1482.66,2.02355063572
1483.31,2.02422380302
1483.97,2.02490695074
1484.63,2.02558984103
1485.28,2.02626196118
1485.94,2.02694406128
1486.59,2.0276155778
1487.25,2.028296975
1487.90,2.0289677144
1488.56,2.02964851478
1489.21,2.03031854323
1489.87,2.0309985753
1490.53,2.03167834446
1491.18,2.03234731276
1491.84,2.03302630802
1492.49,2.03369476997
1493.15,2.0343729745
1493.80,2.0350406667
1494.46,2.03571836064
1495.11,2.03638529727
1495.77,2.03706224454
1496.43,2.03773887786
1497.08,2.03840479806
1497.74,2.03908072332
1498.39,2.03974609127
1499.05,2.040421243
1499.70,2.041085925
1500.36,2.0417604879
1501.01,2.04242440787
1501.67,2.04309829424
1502.33,2.04377180576
1502.98,2.04443473816
1503.64,2.04510762778
1504.29,2.04576993033
1504.95,2.04644204325
1505.60,2.0471037267
1506.26,2.04777518892
1506.92,2.048446308
1507.57,2.049107013
1508.23,2.049777441
1508.88,2.05043740092
1509.54,2.05110725996
1510.19,2.05176650556
1510.85,2.05243564105
1511.50,2.053094418
1512.16,2.05376279274
1512.82,2.05443091852
1513.47,2.05508866067
1514.13,2.05575604565
1514.78,2.05641308472
1515.44,2.05707994806
1516.09,2.05773624367
1516.75,2.05840239475
1517.41,2.05906822849
1518.06,2.05972355608
1518.72,2.0603887274
1519.37,2.0610434854
1520.03,2.06170792175
1520.68,2.06236206302
1521.34,2.06302591676
1522.00,2.0636893755
1522.65,2.064342539
1523.31,2.0650053506
1523.96,2.06565779484
1524.62,2.06632004568
1525.27,2.06697184228
1525.93,2.06763334402
1526.59,2.06829461062
1527.24,2.06894546732
1527.90,2.0696060224
1528.55,2.07025633045
1529.21,2.07091619119
1529.86,2.07156578116
1530.52,2.07222512686
1531.18,2.07288400024
1531.83,2.07353263758
1532.49,2.07419100474
1533.14,2.07483894032
1533.80,2.075496605
1534.45,2.076144031
1535.11,2.0768009843
1535.77,2.07745769798
1536.42,2.07810417108
1537.08,2.07876015666
1537.73,2.07940597309
1538.39,2.08006140787
1539.04,2.08070654408
1539.70,2.0813613694
1540.36,2.08201582672
1541.01,2.08266002173
1541.67,2.0833139029
1542.32,2.0839575134
1542.98,2.08461066848
1543.63,2.08525370048
1544.29,2.08590623984
1544.95,2.08655845655
1545.60,2.0872005734
1546.26,2.08785218084
1546.91,2.08849361122
1547.57,2.08914467595
1548.22,2.0897854362
1548.88,2.0904357864
1549.54,2.09108590928
1550.19,2.09172572508
1550.85,2.0923751511
1551.50,2.093014534
1552.16,2.09366326582
1552.82,2.09431176436
1553.47,2.09495019306
1554.13,2.09559799644
1554.78,2.09623575728
1555.44,2.09688305294
1556.09,2.09752014992
1556.75,2.09816681875
1557.41,2.09881317721
1558.06,2.09944936268
1558.72,2.10009511746
1559.37,2.10073078041
1560.03,2.10137582423
1560.68,2.10201087418
1561.34,2.10265536484
1562.00,2.1032995025
1562.65,2.1039336689
1563.31,2.10457725206
1563.96,2.10521073344
1564.62,2.1058537358
1565.28,2.1064963877
1565.93,2.10712897995
1566.59,2.10777107583
1567.24,2.10840306238
1567.90,2.109044497
1568.55,2.1096760001
1569.21,2.11031676902
1569.87,2.11095730521
1570.52,2.1115879415
1571.18,2.112227795
1571.83,2.11285771813
1572.49,2.11349710039
1573.15,2.11413607575
1573.80,2.1147651502
1574.46,2.11540365004
1575.11,2.11603206511
1575.77,2.11666991449
1576.42,2.11729780604
1577.08,2.11793499844
1577.74,2.11857197116
1578.39,2.11919899951
1579.05,2.11983531585
1579.70,2.120461768
1580.36,2.1210975097
1581.02,2.12173293056
1581.67,2.12235852146
1582.33,2.12299340054
1582.98,2.12361831752
1583.64,2.12425263296
1584.30,2.1248866052
1584.95,2.12551066175
1585.61,2.12614410775
1586.26,2.126767604
1586.92,2.1274004006
1587.57,2.12802339645
1588.23,2.12865556755
1588.89,2.12928746721
1589.54,2.12990958348
1590.20,2.1305408979
1590.85,2.1311623974
1591.51,2.13179323457
1592.17,2.13242363819
1592.82,2.13304427776
1593.48,2.13367424314
1594.13,2.13429425031
1594.79,2.1349235893
1595.45,2.1355526815
1596.10,2.1361718226
1596.76,2.13680028706
1597.41,2.13741897721
1598.07,2.13804677812
1598.73,2.13867437852
1599.38,2.13929221912
1600.04,2.13991920208
1600.69,2.14053647136
1601.35,2.1411629064
1602.01,2.14178902269
1602.66,2.14240545412
1603.32,2.14303103974
1603.97,2.14364683095
1604.63,2.14427188972
1605.29,2.14489660876
1605.94,2.14551156712
1606.60,2.1461357793
1607.25,2.14675018075
1607.91,2.14737377131
1608.57,2.14799715328
1609.22,2.14861069088
1609.88,2.14923342356
1610.53,2.14984652601
1611.19,2.15046868623
1611.84,2.15108117804
1612.50,2.151702869
1613.16,2.1523241501
1613.81,2.15293581325
1614.47,2.15355665875
1615.12,2.15416770318
1615.78,2.15478793964
1616.44,2.15540791922
1617.09,2.1560181612
1617.75,2.15663758725
1618.40,2.1572473555
1619.06,2.15786615256
1619.72,2.15848474284
1620.37,2.15909367714
1621.03,2.15971164258
1621.69,2.16032940431
1622.34,2.16093751116
1623.00,2.161554647
1623.65,2.1621622328
1624.31,2.16277883912
1624.97,2.16339516767
1625.62,2.16400196584
1626.28,2.16461773396
1626.93,2.16522391813
1627.59,2.16583923769
1628.25,2.16645418675
1628.90,2.1670595684
1629.56,2.16767406698
1630.21,2.16827888093
1630.87,2.16889275551
1631.53,2.16950642162
1632.18,2.17011043672
1632.84,2.1707235169
1633.49,2.17132709715
1634.15,2.17193957065
1634.81,2.1725518456
1635.46,2.1731546296
1636.12,2.17376627304
1636.77,2.17436847218
1637.43,2.17497972062
1638.09,2.17559059205
1638.74,2.1761920078
1639.40,2.1768024055
1640.05,2.1774032341
1640.71,2.17801311136
1641.37,2.17862269792
1642.02,2.1792227306
1642.68,2.17983180212
1643.34,2.18044057556
1643.99,2.18103983655
1644.65,2.18164812525
1645.30,2.182246876
1645.96,2.18285455448
1646.62,2.18346203756
1647.27,2.18405999726
1647.93,2.18466688329
1648.58,2.1852643852
1649.24,2.1858707536
1649.90,2.1864768608
1650.55,2.18707358875
1651.21,2.18767914865
1651.86,2.18827529832
1652.52,2.18888041662
1653.18,2.18948519508
1653.83,2.19008060002
1654.49,2.19068495806
1655.15,2.19128889295
1655.80,2.1918835005
1656.46,2.192487054
1657.11,2.19308109248
1657.77,2.19368408741
1658.43,2.19428685419
1659.08,2.19488013144
1659.74,2.19548234952
1660.39,2.19607519697
1661.05,2.196676817
1661.71,2.19727825652
1662.36,2.19787034932
1663.02,2.19847120284
1663.68,2.19907186572
1664.33,2.19966317332
1664.99,2.20026328298
1665.64,2.20085411206
1666.30,2.2014537082
1666.96,2.20205305364
1667.61,2.20264314133
1668.27,2.20324196131
1668.92,2.20383146046
1669.58,2.20442984128
1670.24,2.20502786134
1670.89,2.20561661496
1671.55,2.20621425815
1672.21,2.20681154693
1672.86,2.20739954648
1673.52,2.20799638674
1674.17,2.20858388079
1674.83,2.20918019079
1675.49,2.20977627837
1676.14,2.21036298744
1676.80,2.2109585451
1677.46,2.21155389612
1678.11,2.21213985213
1678.77,2.2127346459
1679.42,2.2133202114
1680.08,2.21391443296
1680.74,2.21450847796
1681.39,2.21509330181
1682.05,2.21568678855
1682.70,2.2162711036
1683.36,2.21686414858
1684.02,2.21745689768
1684.67,2.21804048715
1685.33,2.21863276785
1685.99,2.2192247619
1686.64,2.21980761238
1687.30,2.2203991486
1687.95,2.2209814679
1688.61,2.22157256632
1689.27,2.22216334024
1689.92,2.2227449144
1690.58,2.22333525208
1691.24,2.22392525974
1691.89,2.22450611807
1692.55,2.2250957409
1693.21,2.22568500078
1693.86,2.22626513556
1694.52,2.22685402234
1695.17,2.22743360589
1695.83,2.22802193781
1696.49,2.22861010143
1697.14,2.22918897396
1697.80,2.2297765845
1698.46,2.230364001
1699.11,2.23094214027
1699.77,2.23152900633
1700.42,2.23210677768
1701.08,2.23269312172
1701.74,2.233279282
1702.39,2.2338563195
1703.05,2.23444194465
1703.71,2.23502738562
1704.36,2.23560368992
1705.02,2.23618858328
1705.67,2.23676444066
1706.33,2.23734886934
1706.99,2.23793303538
1707.64,2.23850818606
1708.30,2.2390919092
1708.96,2.23967537336
1709.61,2.24024982444
1710.27,2.24083280508
1710.93,2.24141554836
1711.58,2.2419892922
1712.24,2.2425715376
1712.89,2.24314476415
1713.55,2.2437266455
1714.21,2.2443081517
1714.86,2.2448806654
1715.52,2.24546182688
1716.18,2.24604262292
1716.83,2.24661443818
1717.49,2.24719487254
1718.14,2.24776617708
1718.80,2.2483461111
1719.46,2.24892585972
1720.11,2.24949646803
1720.77,2.25007568244
1721.43,2.25065468196
1722.08,2.2512245915
1722.74,2.2518031088
1723.40,2.252381414
1724.05,2.25295062095
1724.71,2.25352842839
1725.36,2.25409728174
1726.02,2.25467458352
1726.68,2.25525170162
1727.33,2.25581980747
1727.99,2.25639640841
1728.65,2.2569728405
1729.30,2.257540258
1729.96,2.25811616212
1730.62,2.25869189524
1731.27,2.25925861529
1731.93,2.25983383825
1732.59,2.26040889661
1733.24,2.26097493546
1733.90,2.2615494638
1734.55,2.2621151213
1735.21,2.26268916686
1735.87,2.26326300966
1736.52,2.26382799086
1737.18,2.26440132824
1737.84,2.26497449868
1738.49,2.26553882998
1739.15,2.2661114845
1739.81,2.26668395866
1740.46,2.26724756456
1741.12,2.26781952698
1741.78,2.26839132688
1742.43,2.26895427303
1743.09,2.26952555362
1743.74,2.27008801672
1744.40,2.2706589187
1745.06,2.27122953732
1745.71,2.27179134802
1746.37,2.27236156294
1747.03,2.27293149484
1747.68,2.27349263718
1748.34,2.27406218484
1749.00,2.2746314295
1749.65,2.27519188895
1750.31,2.27576075153
1750.97,2.27632934245
1751.62,2.27688915392
1752.28,2.27745732548
1752.93,2.27801665618
1753.59,2.2785844267
1754.25,2.2791519145
1754.90,2.2797105736
1755.56,2.28027765526
1756.22,2.28084447712
1756.87,2.28140249099
1757.53,2.28196890605
1758.19,2.28253501115
1758.84,2.2830923706
1759.50,2.283658149
1760.16,2.28422360664
1760.81,2.28478033306
1761.47,2.28534544222
1762.13,2.28591022819
1762.78,2.2864662938
1763.44,2.2870307159
1764.10,2.287594847
1764.75,2.2881502655
1765.41,2.28871400714
1766.06,2.2892689418
1766.72,2.28983226016
1767.38,2.29039535764
1768.03,2.29094962972
1768.69,2.29151227473
1769.35,2.29207470495
1770.00,2.2926283595
1770.66,2.29319037444
1771.32,2.29375213938
1771.97,2.29430515303
1772.63,2.29486651299
1773.29,2.29542759417
1773.94,2.29597996204
1774.60,2.2965406797
1775.26,2.29710114312
1775.91,2.29765287728
1776.57,2.29821292727
1777.23,2.29877271353
1777.88,2.29932382248
1778.54,2.29988324928
1779.20,2.3004423729
1779.85,2.3009928566
1780.51,2.30155165744
1781.17,2.30211011248
1781.82,2.30265994896
1782.48,2.30321807994
1783.14,2.30377590564
1783.79,2.30432512562
1784.45,2.3048826131
1785.10,2.3054313388
1785.76,2.30598836746
1786.42,2.30654522332
1787.07,2.30709335412
1787.73,2.30764975179
1788.39,2.30820591597
1789.04,2.3087534196
1789.70,2.3093091956
1790.36,2.30986473608
1791.01,2.31041162417
1791.67,2.31096677199
1792.33,2.31152166501
1792.98,2.31206790816
1793.64,2.3126224074
1794.30,2.313176682
1794.95,2.31372232765
1795.61,2.31427620922
1796.27,2.31482981854
1796.92,2.31537484412
1797.58,2.31592810716
1798.24,2.31648108948
1798.89,2.31702549984
1799.55,2.31757813115
1800.21,2.31813047393
1800.86,2.3186742704
1801.52,2.3192262788
1802.18,2.3197779992
1802.83,2.32032119157
1803.49,2.32087257471
1804.15,2.3214236803
1804.80,2.3219662702
1805.46,2.32251701644
1806.12,2.32306747872
1806.77,2.32360945275
1807.43,2.32415957925
1808.09,2.32470944733
1808.74,2.32525083148
1809.40,2.3258003323
1810.06,2.32634955312
1810.71,2.3268903093
1811.37,2.3274391851
1812.03,2.32798782187
1812.68,2.3285279993
1813.34,2.3290762514
1814.00,2.329624254
1814.65,2.33016381235
1815.31,2.33071145989
1815.97,2.33125886726
1816.62,2.33179783096
1817.28,2.33234484424
1817.94,2.33289164896
1818.59,2.33343002304
1819.25,2.333976408
1819.91,2.3345226101
1820.56,2.33506039846
1821.22,2.33560617952
1821.88,2.33615177096
1822.53,2.33668894578
1823.19,2.33723412294
1823.85,2.33777912895
1824.50,2.338315728
1825.16,2.33886027882
1825.82,2.33940467028
1826.47,2.33994064663
1827.13,2.34048460732
1827.79,2.34102842187
1828.44,2.34156382882
1829.10,2.3421071758
1829.76,2.3426503805
1830.41,2.34318518425
1831.07,2.34372794728
1831.73,2.34427056051
1832.38,2.34480475456
1833.04,2.34534689914
1833.70,2.345888907
1834.36,2.3464307373
1835.01,2.34696411019
1835.67,2.34750554442
1836.33,2.34804676158
1836.98,2.34857953368
1837.64,2.34912036244
1838.30,2.3496609988
1838.95,2.3501932052
1839.61,2.35073344545
1840.27,2.35127345415
1840.92,2.35180508812
1841.58,2.35234475724
1842.24,2.35288416072
1842.89,2.3534152245
1843.55,2.3539543216
1844.21,2.35449312712
1844.86,2.35502360152
1845.52,2.35556209154
1846.18,2.35610030636
1846.83,2.35663023672
1847.49,2.35716819216
1848.15,2.3577057927
1848.80,2.3582351296
1849.46,2.35877247652
1850.12,2.35930954072
1850.77,2.35983832407
1851.43,2.36037506313
1852.09,2.36091151191
1852.75,2.36144783725
1853.40,2.3619758927
1854.06,2.36251179208
1854.72,2.36304754906
1855.37,2.36357500651
1856.03,2.36411032376
1856.69,2.36464549868
1857.34,2.36517237048
1858.00,2.365707122
1858.66,2.36624173368
1859.31,2.36676803738
1859.97,2.36730223032
1860.63,2.36783628
1861.28,2.368362
1861.94,2.36889562496
1862.60,2.369429113
1863.25,2.3699542675
1863.91,2.37048731434
1864.57,2.37102021883
1865.23,2.37155288437
1865.88,2.37207729644
1866.54,2.37260962924
1867.20,2.3731417252
1867.85,2.3736655981
1868.51,2.37419738618
1869.17,2.37472889606
1869.82,2.37525220588
1870.48,2.37578341282
1871.14,2.3763143292
1871.79,2.37683708254
1872.45,2.3773677397
1873.11,2.37789812785
1873.76,2.3784203398
1874.42,2.3789504056
1875.08,2.37948022606
1875.74,2.38000991524
1876.39,2.38053141089
1877.05,2.3810606815
1877.71,2.38158981367
1878.36,2.38211074122
1879.02,2.38263943812
1879.68,2.38316799492
1880.33,2.38368834852
1880.99,2.38421651695
1881.65,2.3847445558
1882.30,2.3852643816
1882.96,2.3857919807
1883.62,2.38631943956
1884.28,2.38684670564
1884.93,2.3873657687
1885.59,2.38789267235
1886.25,2.38841936225
1886.90,2.3889378876
1887.56,2.3894642502
1888.22,2.3899903824
1888.87,2.39050836974
1889.53,2.39103418289
1890.19,2.39155978247
1890.84,2.39207724366
1891.50,2.392602504
1892.16,2.39312752344
1892.82,2.3936524072
1893.47,2.3941691962
1894.13,2.39469365986
1894.79,2.39521798307
1895.44,2.39573420202
1896.10,2.396258121
1896.76,2.39678191128
1897.41,2.39729760698
1898.07,2.39782100105
1898.73,2.39834424709
1899.38,2.39885936104
1900.04,2.3993822308
1900.70,2.3999049648
1901.36,2.40042747294
1902.01,2.40094185927
1902.67,2.40146403375
1903.33,2.40198601125
1903.98,2.40249986544
1904.64,2.40302149682
1905.30,2.4035429384
1905.95,2.4040562872
1906.61,2.40457739966
1907.27,2.40509827562
1907.93,2.40561897227
1908.58,2.40613165592
1909.24,2.40665201576
1909.90,2.4071721928
1910.55,2.4076843524
1911.21,2.40820416048
1911.87,2.40872379984
1912.52,2.40923542856
1913.18,2.40975470204
1913.84,2.4102738266
1914.50,2.410792811
1915.15,2.41130366745
1915.81,2.41182225923
1916.47,2.41234071101
1917.12,2.41285107124
1917.78,2.41336914472
1918.44,2.41388704606
1919.10,2.4144047188
1919.75,2.414914414
1920.41,2.41543176952
1921.07,2.41594893922
1921.72,2.41645814292
1922.38,2.41697497968
1923.04,2.41749160044
1923.69,2.41800027072
1924.35,2.4185165808
1925.01,2.4190326879
1925.67,2.41954866458
1926.32,2.42005662268
1926.98,2.4205722088
1927.64,2.42108767436
1928.29,2.42159514496
1928.95,2.42211022345
1929.61,2.42262516315
1930.27,2.42313987405
1930.92,2.42364662712
1931.58,2.42416105828
1932.24,2.42467527484
1932.89,2.42518153098
1933.55,2.42569544175
1934.21,2.42620911645
1934.87,2.42672265166
1935.52,2.42722828964
1936.18,2.42774142776
1936.84,2.4282544411
1937.49,2.42875956585
1938.15,2.42927220955
1938.81,2.42978472165
1939.46,2.4302893264
1940.12,2.43080144692
1940.78,2.43131344368
1941.44,2.43182529414
1942.09,2.43232914975
1942.75,2.43284063825
1943.41,2.43335197259
1944.06,2.43385534272
1944.72,2.43436633254
1945.38,2.43487714416
1946.04,2.43538775328
1946.69,2.43589050786
1947.35,2.4364008159
1948.01,2.43691090464
1948.66,2.4374131438
1949.32,2.4379229311
1949.98,2.43843252064
1950.64,2.43894199094
1951.29,2.43944357709
1951.95,2.4399526779
1952.61,2.44046164009
1953.26,2.44096267244
1953.92,2.44147127396
1954.58,2.44197976308
1955.24,2.44248801324
1955.89,2.44298841678
1956.55,2.44349639985
1957.21,2.44400413587
1957.86,2.44450404788
1958.52,2.44501153542
1959.18,2.44551875928
1959.84,2.44602586448
1960.49,2.44652517628
1961.15,2.44703193255
1961.81,2.44753854939
1962.47,2.44804501293
1963.12,2.44854356966
1963.78,2.44904969068
1964.44,2.44955568364
1965.09,2.45005377876
1965.75,2.450559408
1966.41,2.45106486504
1967.07,2.4515701032
1967.72,2.45206757784
1968.38,2.45257255836
1969.04,2.45307732774
1969.69,2.45357433373
1970.35,2.45407881595
1971.01,2.45458310335
1971.67,2.45508726647
1972.32,2.45558360062
1972.98,2.45608739212
1973.64,2.4565910643
1974.30,2.457094542
1974.95,2.4575902315
1975.61,2.45809342705
1976.27,2.45859638335
1976.92,2.4590915847
1977.58,2.4595942986
1978.24,2.4600967863
1978.90,2.460599122
1979.55,2.46109373185
1980.21,2.46159573907
1980.87,2.46209760606
1981.52,2.4625917531
1982.18,2.4630932574
1982.84,2.4635946325
1983.50,2.464095886
1984.15,2.46458930815
1984.81,2.46509020919
1985.47,2.46559098353
1986.13,2.46609151784
1986.78,2.46658434812
1987.44,2.46708461426
1988.10,2.4675847004
1988.75,2.46807708075
1989.41,2.46857685585
1990.07,2.46907643658
1990.73,2.46957590451
1991.38,2.47006765356
1992.04,2.47056677844
1992.70,2.4710657854
1993.36,2.47156461802
1994.01,2.47205568449
1994.67,2.47255419564
1995.33,2.47305255636
1995.99,2.47355072255
1996.64,2.47404122124
1997.30,2.4745390698
1997.96,2.47503676472
1998.61,2.47552681001
1999.27,2.47602418007
1999.93,2.47652140393
2000.59,2.47701851539
2001.24,2.47750788154
2001.90,2.47800464
2002.56,2.47850128862
2003.22,2.47899772544
2003.87,2.47948649027
2004.53,2.47998265001
2005.19,2.48047861823
2005.85,2.4809744468
2006.50,2.481462641
2007.16,2.48195811554
2007.82,2.48245346624
2008.47,2.48294118204
2009.13,2.48343620208
2009.79,2.48393109809
2010.45,2.48442584795
2011.10,2.4849128964
2011.76,2.48540732954
2012.42,2.48590162268
2013.08,2.4863957018
2013.73,2.4868821853
2014.39,2.4873760039
2015.05,2.48786964045
2015.71,2.48836315176
2016.36,2.48884899816
2017.02,2.4893421704
2017.68,2.48983523294
2018.34,2.49032810972
2018.99,2.49081335599
2019.65,2.49130595605
2020.31,2.49179836027
2020.96,2.49228314696
2021.62,2.49277528412
2022.28,2.49326723228
2022.94,2.49375902292
2023.59,2.49424325573
2024.25,2.49473475575
2024.91,2.49522609792
2025.57,2.4957173206
2026.22,2.4962009076
2026.88,2.49669178848
2027.54,2.49718254788
2028.20,2.4976730909
2028.85,2.49815609855
2029.51,2.49864644349
2030.17,2.49913652583
2030.83,2.49962649696
2031.48,2.50010893476
2032.14,2.50059858156
2032.80,2.5010881209
2033.46,2.50157753928
2034.11,2.50205932385
2034.77,2.50254840956
2035.43,2.50303735604
2036.09,2.5035260913
2036.74,2.50400732024
2037.40,2.5044958199
2038.06,2.50498412524
2038.72,2.50547231492
2039.37,2.50595294832
2040.03,2.50644081708
2040.69,2.50692857236
2041.34,2.50740875596
2042.00,2.5078961615
2042.66,2.50838346032
2043.32,2.50887059114
2043.97,2.50935017716
2044.63,2.50983703513
2045.29,2.51032371979
2045.95,2.51081023975
2046.60,2.5112892797
2047.26,2.51177550632
2047.92,2.51226159182
2048.58,2.5127475702
2049.23,2.5132259962
2049.89,2.51371163791
2050.55,2.51419716295
2051.21,2.51468248669
2051.86,2.51516033968
2052.52,2.51564544096
2053.18,2.51613030864
2053.84,2.51661507398
2054.49,2.51709239953
2055.15,2.5175768443
2055.81,2.51806117836
2056.47,2.51854539132
2057.12,2.519022047
2057.78,2.51950593652
2058.44,2.51998970596
2059.10,2.5204732726
2059.75,2.52094940875
2060.41,2.52143273401
2061.07,2.52191586205
2061.73,2.52239888374
2062.39,2.52288176482
2063.04,2.52335713836
2063.70,2.5238397244
2064.36,2.52432216922
2065.02,2.5248044388
2065.67,2.52527930074
2066.33,2.52576131326
2066.99,2.52624315771
2067.65,2.5267248918
2068.30,2.5271991526
2068.96,2.5276805731
2069.62,2.52816189172
2070.28,2.52864301918
2070.93,2.52911669343
2071.59,2.52959754552
2072.25,2.530078242
2072.91,2.53055879416
2073.56,2.53103196176
2074.22,2.53151224112
2074.88,2.53199236886
2075.54,2.53247237296
2076.19,2.53294492231
2076.85,2.5334246216
2077.51,2.53390421157
2078.17,2.53438360719
2078.82,2.53485562052
2079.48,2.53533477128
2080.14,2.53581374924
2080.80,2.5362926078
2081.45,2.5367640762
2082.11,2.53724262716
2082.77,2.53772106449
2083.43,2.53819935791
2084.09,2.53867746371
2084.74,2.53914823468
2085.40,2.5396261288
2086.06,2.5401038314
2086.72,2.5405814261
2087.37,2.54105163935
2088.03,2.54152890963
2088.69,2.54200608044
2089.35,2.5424831126
2090.00,2.5429527445
2090.66,2.54342949728
2091.32,2.54390608856
2091.98,2.54438253344
2092.63,2.54485166184
2093.29,2.54532783072
2093.95,2.54580385875
2094.61,2.54627978431
2095.26,2.54674831796
2095.92,2.54722393172
2096.58,2.54769944636
2097.24,2.54817477308
2097.90,2.5486499706
2098.55,2.5491178697
2099.21,2.54959277534
2099.87,2.55006754778
2100.53,2.55054220802
2101.18,2.55100951512
2101.84,2.5514839014
2102.50,2.551958184
2103.16,2.55243223032
2103.81,2.55289900856
2104.47,2.55337287272
2105.13,2.55384651386
2105.79,2.55432005709
2106.45,2.55479348895
2107.10,2.5552595628
2107.76,2.55573270558
2108.42,2.55620571636
2109.08,2.55667854502
2109.73,2.55714412116
2110.39,2.55761674188
2111.05,2.55808916075
2111.71,2.55856148255
2112.36,2.5590265283
2113.02,2.55949854348
2113.68,2.55997046022
2114.34,2.56044224736
2115.00,2.5609138695
2115.65,2.56137824285
2116.31,2.56184958779
2116.97,2.56232079831
2117.63,2.56279191614
2118.28,2.56325574184
2118.94,2.5637265656
2119.60,2.5641972857
2120.26,2.56466781092
2120.91,2.56513108602
2121.57,2.5656013947
2122.23,2.5660715193
2122.89,2.56654151481
2123.55,2.56701140855
2124.20,2.5674740337
2124.86,2.56794364692
2125.52,2.56841314712
2126.18,2.56888247708
2126.83,2.56934457784
2127.49,2.56981367152
2128.15,2.57028256305
2128.81,2.57075137707
2129.47,2.57122010709
2130.12,2.57168150884
2130.78,2.5721499204
2131.44,2.5726182267
2132.10,2.5730863302
2132.75,2.573547241
2133.41,2.57401511236
2134.07,2.57448283666
2134.73,2.57495047058
2135.39,2.57541797894
2136.04,2.57587821646
2136.70,2.576345435
2137.36,2.5768125137
2138.02,2.57727944056
2138.67,2.57773920287
2139.33,2.57820589613
2139.99,2.57867242671
2140.65,2.57913886005
2141.31,2.57960515467
2141.96,2.58006424898
2142.62,2.58053030468
2143.28,2.58099615842
2143.94,2.581461907
2144.60,2.5819275738
2145.25,2.582386024
2145.91,2.58285138542
2146.57,2.58331664109
2147.23,2.58378173451
2147.88,2.58423967352
2148.54,2.58470456668
2149.20,2.5851692509
2149.86,2.58563383324
2150.52,2.58609832464
2151.17,2.58655558794
2151.83,2.58701979564
2152.49,2.58748391292
2153.15,2.58794779295
2153.80,2.5884045674
2154.46,2.58886828208
2155.12,2.58933181014
2155.78,2.58979524692
2156.44,2.59025857616
2157.09,2.5907146705
2157.75,2.5911777
2158.41,2.59164063192
2159.07,2.59210339911
2159.73,2.5925660706
2160.38,2.5930216036
2161.04,2.59348397794
2161.70,2.5939462536
2162.36,2.59440838758
2163.01,2.59486335633
2163.67,2.59532524052
2164.33,2.59578701348
2164.99,2.59624862572
2165.65,2.5967101387
2166.30,2.5971645134
2166.96,2.59762574876
2167.62,2.5980868874
2168.28,2.5985478446
2168.94,2.59900870544
2169.59,2.59946250423
2170.25,2.59992308325
2170.91,2.60038354665
2171.57,2.60084392065
2172.23,2.60130413535
2172.88,2.60175725892
2173.54,2.60221725716
2174.20,2.6026770818
2174.86,2.60313679808
2175.52,2.60359641846
2176.17,2.60404889841
2176.83,2.60450824983
2177.49,2.60496751149
2178.15,2.6054265437
2178.80,2.605878549
2179.46,2.6063374272
2180.12,2.60679612064
2180.78,2.60725471564
2181.44,2.60771319322
2182.09,2.6081645749
2182.75,2.608622806
2183.41,2.60908090672
2184.07,2.60953883815
2184.73,2.60999668029
2185.38,2.61044747024
2186.04,2.61090503882
2186.70,2.6113625186
2187.36,2.61181987418
2188.02,2.61227706336
2188.67,2.61272723881
2189.33,2.61318421819
2189.99,2.61364105939
2190.65,2.61409780405
2191.31,2.61455438347
2191.96,2.61500392404
2192.62,2.61546029736
2193.28,2.61591652434
2193.94,2.6163726004
2194.60,2.6168285793
2195.25,2.61727752975
2195.91,2.61773326536
2196.57,2.61818890579
2197.23,2.61864436981
2197.89,2.61909972463
2198.54,2.61954809492
2199.20,2.6200031966
2199.86,2.62045819784
2200.52,2.62091310958
2201.18,2.62136783572
2201.83,2.62181557307
2202.49,2.62227010121
2203.15,2.62272447985
2203.81,2.62317875761
2204.47,2.62363292407
2205.12,2.6240800195
2205.78,2.62453390588
2206.44,2.62498768624
2207.10,2.6254413316
2207.76,2.62589488416
2208.41,2.62634144456
2209.07,2.62679471552
2209.73,2.62724789688
2210.39,2.62770095784
2211.05,2.6281538714
2211.70,2.6285998284
2212.36,2.62905249732
2213.02,2.62950505444
2213.68,2.62995752836
2214.34,2.63040986068
2214.99,2.63085519787
2215.65,2.6313072976
2216.31,2.63175925504
2216.97,2.63221107759
2217.63,2.63266281649
2218.29,2.63311443667
2218.94,2.63355907112
2219.60,2.6340104499
2220.26,2.63446167804
2220.92,2.63491280118
2221.58,2.63536383984
2222.23,2.63580786979
2222.89,2.63625863308
2223.55,2.63670931525
2224.21,2.63715983455
2224.87,2.63761024988
2225.52,2.63805375478
2226.18,2.63850390052
2226.84,2.63895394528
2227.50,2.639403895
2228.16,2.63985367906
2228.81,2.64029657877
2229.47,2.64074621499
2230.13,2.64119565402
2230.79,2.64164499782
2231.45,2.6420942321
2232.11,2.64254331388
2232.76,2.64298550446
2233.42,2.64343438432
2234.08,2.64388314528
2234.74,2.64433180152
2235.40,2.6447803032
2236.05,2.6452219016
2236.71,2.64567021176
2237.37,2.64611838872
2238.03,2.64656642364
2238.69,2.64701436957
2239.34,2.64745539652
2240.00,2.6479030965
2240.66,2.6483507104
2241.32,2.6487981673
2241.98,2.64924550468
2242.64,2.64969275832
2243.29,2.65013309302
2243.95,2.6505800986
2244.61,2.65102702035
2245.27,2.65147376445
2245.93,2.65192041266
2246.58,2.65236022024
2247.24,2.65280662972
2247.90,2.653252924
2248.56,2.65369912906
2249.22,2.65414519072
2249.88,2.65459114294
2250.53,2.65503025208
2251.19,2.65547597384
2251.85,2.6559215815
2252.51,2.65636708608
2253.17,2.65681245936
2253.82,2.6572509988
2254.48,2.6576961952
2255.14,2.65814118552
2255.80,2.6585860977
2256.46,2.65903092384
2257.12,2.65947560614
2257.77,2.65991346015
2258.43,2.66035793385
2259.09,2.66080228188
2259.75,2.6612465345
2260.41,2.6616906551
2261.06,2.66212792732
2261.72,2.66257184486
2262.38,2.66301563744
2263.04,2.6634592853
2263.70,2.6639028494
2264.36,2.66434629482
2265.01,2.66478290458
2265.67,2.66522614106
2266.33,2.66566921094
2266.99,2.66611219507
2267.65,2.66655510235
2268.31,2.66699784949
2268.96,2.66743377518
2269.62,2.66787632984
2270.28,2.66831874896
2270.94,2.66876106776
2271.60,2.6692033042
2272.25,2.6696386625
2272.91,2.6700806317
2273.57,2.67052252669
2274.23,2.67096424291
2274.89,2.67140587021
2275.55,2.67184742305
2276.20,2.6722821307
2276.86,2.67272343976
2277.52,2.6731646708
2278.18,2.6736057092
2278.84,2.67404666566
2279.50,2.674487545
2280.15,2.6749215851
2280.81,2.67536222276
2281.47,2.67580277012
2282.13,2.67624314297
2282.79,2.67668344661
2283.45,2.67712367255
2284.10,2.6775570316
2284.76,2.67799699738
2285.42,2.67843689596
2286.08,2.6788766101
2286.74,2.67931624336
2287.40,2.6797557796
2288.05,2.6801885198
2288.71,2.68062783293
2289.37,2.68106701871
2290.03,2.68150608789
2290.69,2.6819450728
2291.35,2.68238392
2292.00,2.6828160125
2292.66,2.68325467372
2293.32,2.68369318894
2293.98,2.68413160336
2294.64,2.68456994008
2295.30,2.6850081286
2295.95,2.6854395663
2296.61,2.68587756221
2297.27,2.68631541347
2297.93,2.68675317357
2298.59,2.68719086025
2299.25,2.68762839075
2299.90,2.688059186
2300.56,2.68849653002
2301.22,2.68893375824
2301.88,2.6893708584
2302.54,2.68980785688
2303.20,2.6902447419
2303.85,2.69067490805
2304.51,2.69111160308
2305.17,2.69154813236
2305.83,2.69198459201
2306.49,2.69242098203
2307.15,2.6928571894
2307.80,2.6932867185
2308.46,2.6937227772
2309.12,2.6941586716
2309.78,2.69459447896
2310.44,2.69503018258
2311.10,2.6954657548
2311.75,2.69589465725
2312.41,2.69633006519
2313.07,2.69676530726
2313.73,2.69720047691
2314.39,2.69763556013
2315.05,2.69807049265
2315.70,2.6984987602
2316.36,2.69893351276
2317.02,2.69936812752
2317.68,2.6998026609
2318.34,2.7002370762
2319.00,2.700671373
2319.66,2.70110559252
2320.31,2.70153311182
2320.97,2.70196708802
2321.63,2.70240098139
2322.29,2.70283473537
2322.95,2.7032683989
2323.61,2.70370199107
2324.26,2.70412887012
2324.92,2.70456221784
2325.58,2.70499548732
2326.24,2.70542859846
2326.90,2.7058616288
2327.56,2.70629459366
2328.21,2.70672087081
2328.87,2.70715357768
2329.53,2.70758617957
2330.19,2.70801869011
2330.85,2.70845109845
2331.51,2.7088834141
2332.17,2.7093155887
2332.82,2.70974112688
2333.48,2.71017311932
2334.14,2.71060497352
2334.80,2.7110367418
2335.46,2.71146841216
2336.12,2.71189995232
2336.77,2.71232488443
2337.43,2.71275626637
2338.09,2.71318751025
2338.75,2.71361867575
2339.41,2.71404973957
2340.07,2.71448065918
2340.73,2.714911493
2341.38,2.715335683
2342.04,2.7157663018
2342.70,2.7161968426
2343.36,2.71662725368
2344.02,2.71705754724
2344.68,2.7174877647
2345.34,2.7179178636
2345.99,2.71834134001
2346.65,2.7187712581
2347.31,2.71920104614
2347.97,2.71963072796
2348.63,2.72006033135
2349.29,2.72048979005
2349.94,2.72091266656
2350.60,2.721341986
2351.26,2.7217711576
2351.92,2.72220022672
2352.58,2.72262921912
2353.24,2.72305807986
2353.90,2.723486839
2354.55,2.7239090251
2355.21,2.72433756442
2355.87,2.72476602197
2356.53,2.72519440733
2357.19,2.72562262259
2357.85,2.72605076155
2358.51,2.72647883077
2359.16,2.72690027582
2359.82,2.72732812304
2360.48,2.72775588356
2361.14,2.72818352376
2361.80,2.7286110702
2362.46,2.72903850864
2363.12,2.7294658175
2363.77,2.729886583
2364.43,2.730313735
2365.09,2.73074074835
2365.75,2.73116768625
2366.41,2.73159452739
2367.07,2.73202123401
2367.73,2.73244787155
2368.38,2.7328679568
2369.04,2.73329436288
2369.70,2.7337206936
2370.36,2.73414692358
2371.02,2.73457303604
2371.68,2.73499907276
2372.34,2.73542499188
2372.99,2.73584435919
2373.65,2.73627010485
2374.31,2.73669571179
2374.97,2.73712123742
2375.63,2.73754669352
2376.29,2.73797200016
2376.95,2.73839721635
2377.61,2.7388223603
2378.26,2.7392409148
2378.92,2.73966583972
2379.58,2.74009070696
2380.24,2.74051544138
2380.90,2.7409400666
2381.56,2.741364611
2382.22,2.741789057
2382.87,2.74220696359
2383.53,2.74263121042
2384.19,2.74305533566
2384.85,2.7434793783
2385.51,2.74390334557
2386.17,2.74432716919
2386.83,2.74475092054
2387.48,2.74516818024
2388.14,2.745591707
2388.80,2.7460151546
2389.46,2.74643851292
2390.12,2.74686176894
2390.78,2.74728494108
2391.44,2.74770800834
2392.10,2.7481309766
2392.75,2.74854745325
2393.41,2.74897021823
2394.07,2.74939290398
2394.73,2.74981551167
2395.39,2.75023799681
2396.05,2.75066038075
2396.71,2.75108269048
2397.36,2.75149848768
2398.02,2.75192058556
2398.68,2.7523426129
2399.34,2.7527645212
2400.00,2.753186341
2400.66,2.75360808848
2401.32,2.75402969846
2401.98,2.75445122828
2402.63,2.75486630567
2403.29,2.75528762261
2403.95,2.75570886035
2404.61,2.75613003682
2405.27,2.75655109174
2405.93,2.75697201551
2406.59,2.75739285905
2407.25,2.75781363875
2407.90,2.7582279466
2408.56,2.758648555
2409.22,2.759069041
2409.88,2.7594894358
2410.54,2.75990975372
2411.20,2.7603299216
2411.86,2.76075002612
2412.52,2.76117007354
2413.17,2.76158362109
2413.83,2.76200346689
2414.49,2.76242324867
2415.15,2.7628428491
2415.81,2.76326238939
2416.47,2.76368186493
2417.13,2.76410119935
2417.79,2.76452047514
2418.44,2.76493333304
2419.10,2.765352371
2419.76,2.76577136216
2420.42,2.76619030772
2421.08,2.7666091019
2421.74,2.767027826
2422.40,2.767446464
2423.06,2.76786497152
2423.71,2.76827707769
2424.37,2.76869544443
2425.03,2.76911368715
2425.69,2.76953186031
2426.35,2.76994993665
2427.01,2.77036789926
2427.67,2.77078579629
2428.33,2.77120360071
2428.98,2.77161497108
2429.64,2.77203259906
2430.30,2.7724501012
2430.96,2.77286751686
2431.62,2.77328487872
2432.28,2.77370216768
2432.94,2.77411932244
2433.60,2.7745363938
2434.25,2.774947056
2434.91,2.77536393645
2435.57,2.77578074614
2436.23,2.77619747146
2436.89,2.77661408056
2437.55,2.77703060015
2438.21,2.77744700933
2438.87,2.77786336264
2439.53,2.77827966562
2440.18,2.77868952572
2440.84,2.7791056118
2441.50,2.779521623
2442.16,2.77993748438
2442.82,2.7803533032
2443.48,2.7807690768
2444.14,2.781184652
2444.80,2.7816001889
2445.45,2.78200939185
2446.11,2.7824247359
2446.77,2.78284002059
2447.43,2.78325523781
2448.09,2.78367030045
2448.75,2.78408531075
2449.41,2.78450026529
2450.07,2.78491509557
2450.73,2.78532986483
2451.38,2.78573827348
2452.04,2.78615281792
2452.70,2.7865672968
2453.36,2.78698170024
2454.02,2.78739599084
2454.68,2.78781021668
2455.34,2.78822435084
2456.00,2.7886384075
2456.66,2.78905239136
2457.31,2.78945995501
2457.97,2.78987372072
2458.63,2.79028743743
2459.29,2.79070106669
2459.95,2.79111458975
2460.61,2.79152804521
2461.27,2.79194141047
2461.93,2.79235468156
2462.59,2.79276787924
2463.24,2.79317467264
2463.90,2.7935876628
2464.56,2.79400060464
2465.22,2.79441346368
2465.88,2.79482619124
2466.54,2.79523881824
2467.20,2.7956513882
2467.86,2.79606389552
2468.52,2.7964763466
2469.18,2.7968886684
2469.83,2.79729465578
2470.49,2.79770680334
2471.15,2.7981188664
2471.81,2.79853084911
2472.47,2.79894274257
2473.13,2.79935455476
2473.79,2.79976628333
2474.45,2.80017791015
2475.11,2.80058946377
2475.76,2.8009946999
2476.42,2.8014060548
2477.08,2.80181735518
2477.74,2.80222859092
2478.40,2.8026397267
2479.06,2.80305074376
2479.72,2.80346170332
2480.38,2.80387259028
2481.04,2.80428340704
2481.70,2.8046941476
2482.35,2.80509852755
2483.01,2.80550905835
2483.67,2.80591952918
2484.33,2.80632988682
2484.99,2.80674019007
2485.65,2.80715044265
2486.31,2.80756058711
2486.97,2.80797061454
2487.63,2.80838056814
2488.29,2.80879041362
2488.94,2.80919398464
2489.60,2.8096037164
2490.26,2.81001335464
2490.92,2.8104229072
2491.58,2.81083239456
2492.24,2.81124176418
2492.90,2.8116510738
2493.56,2.81206033062
2494.22,2.81246944944
2494.88,2.81287849416
2495.53,2.81328128161
2496.19,2.81369014303
2496.85,2.81409895265
2497.51,2.81450771406
2498.17,2.81491632402
2498.83,2.81532489108
2499.49,2.81573341524
2500.15,2.8161417821
2500.81,2.8165500864
2501.47,2.8169583228
2502.12,2.81736029196
2502.78,2.81776837908
2503.44,2.81817638184
2504.10,2.8185843054
2504.76,2.81899215084
2505.42,2.81939988828
2506.08,2.81980755032
2506.74,2.8202151482
2507.40,2.820622652
2508.06,2.82103007684
2508.72,2.8214374405
2509.37,2.82183853925
2510.03,2.82224572925
2510.69,2.82265285377
2511.35,2.82305986455
2512.01,2.82346680291
2512.67,2.82387368818
2513.33,2.82428048182
2513.99,2.82468720196
2514.65,2.8250938519
2515.31,2.82550034986
2515.97,2.82590681163
2516.62,2.82630707684
2517.28,2.82671339396
2517.94,2.82711960416
2518.60,2.8275257486
2519.26,2.82793182416
2519.92,2.8283378321
2520.58,2.8287437842
2521.24,2.8291496116
2521.90,2.8295553714
2522.56,2.82996107538
2523.22,2.83036666056
2523.87,2.83076602392
2524.53,2.83117146933
2525.19,2.83157684859
2525.85,2.8319821554
2526.51,2.83238739652
2527.17,2.83279253884
2527.83,2.8331975947
2528.49,2.8336025641
2529.15,2.83400744705
2529.81,2.83441227287
2530.47,2.83481703569
2531.12,2.83521556034
2531.78,2.83562015552
2532.44,2.83602467546
2533.10,2.8364291198
2533.76,2.83683350068
2534.42,2.83723779556
2535.08,2.8376419698
2535.74,2.83804609284
2536.40,2.8384501554
2537.06,2.83885411212
2537.72,2.83925801034
2538.38,2.83966182936
2539.03,2.84005942974
2539.69,2.84046310863
2540.35,2.84086674945
2541.01,2.84127023778
2541.67,2.84167366766
2542.33,2.84207705834
2542.99,2.84248034269
2543.65,2.84288356165
2544.31,2.84328668371
2544.97,2.84368975501
2545.63,2.84409277407
2546.29,2.84449566381
2546.94,2.8448923814
2547.60,2.8452951523
2548.26,2.84569782688
2548.92,2.84610042922
2549.58,2.8465029758
2550.24,2.8469054174
2550.90,2.8473077898
2551.56,2.84771010636
2552.22,2.84811231432
2552.88,2.84851447402
2553.54,2.8489165902
2554.20,2.849318583
2554.86,2.84972050992
2555.51,2.85011629117
2556.17,2.85051804439
2556.83,2.85091975834
2557.49,2.85132143302
2558.15,2.8517229894
2558.81,2.85212447917
2559.47,2.85252589579
2560.13,2.85292721539
2560.79,2.85332847991
2561.45,2.85372968005
2562.11,2.85413076368
2562.77,2.85453180563
2563.43,2.85493280117
2564.08,2.85532759458
2564.74,2.85572841336
2565.40,2.8561291746
2566.06,2.85652985352
2566.72,2.85693046978
2567.38,2.85733099012
2568.04,2.85773145106
2568.70,2.8581318512
2569.36,2.85853214186
2570.02,2.85893238052
2570.68,2.859332569
2571.34,2.859732661
2572.00,2.860132652
2572.66,2.8605325974
2573.31,2.86092644215
2573.97,2.86132623889
2574.63,2.86172597437
2575.29,2.86212563671
2575.95,2.8625252329
2576.61,2.86292477017
2577.27,2.86332416719
2577.93,2.8637235397
2578.59,2.86412287354
2579.25,2.8645220455
2579.91,2.86492120598
2580.57,2.86532034336
2581.23,2.86571934504
2581.89,2.86611826794
2582.55,2.866517129
2583.20,2.866909859
2583.86,2.86730857736
2584.52,2.8677072479
2585.18,2.8681058186
2585.84,2.86850434544
2586.50,2.868902831
2587.16,2.86930112846
2587.82,2.86969941664
2588.48,2.87009769496
2589.14,2.87049582608
2589.80,2.8708939055
2590.46,2.8712919284
2591.12,2.8716898645
2591.78,2.87208774628
2592.44,2.87248556194
2593.09,2.87287725215
2593.75,2.873274921
2594.41,2.87367252876
2595.07,2.87407001568
2595.73,2.8744674642
2596.39,2.8748648766
2597.05,2.8752621812
2597.71,2.87565943358
2598.37,2.87605662026
2599.03,2.87645370359
2599.69,2.8768507401
2600.35,2.8772477235
2601.01,2.87764459929
2601.67,2.87804142235
2602.33,2.87843818465
2602.99,2.8788348661
2603.64,2.87922549126
2604.30,2.8796220582
2604.96,2.88001852302
2605.62,2.88041492772
2606.28,2.88081126168
2606.94,2.88120751776
2607.60,2.8816037255
2608.26,2.8819998806
2608.92,2.88239594624
2609.58,2.88279195028
2610.24,2.88318787834
2610.90,2.8835837388
2611.56,2.88397954638
2612.22,2.88437526456
2612.88,2.88477091966
2613.54,2.88516652404
2614.20,2.8855620627
2614.85,2.88595151455
2615.51,2.88634687575
2616.17,2.88674219925
2616.83,2.88713746104
2617.49,2.88753266112
2618.15,2.88792774615
2618.81,2.88832279128
2619.47,2.88871779336
